id;fecha;resistivity-1;capitance-4;temperature;laminar_1H;laminar_1L;capitance-5;resistivity-3;capitance-1;resistivity-2;capitance-6;resistivity-4;resistivity-5;resistivity-6;capitance-2;capitance-3;turbulent_1H;turbulent_1L;turb_laminar_1H;turb_laminar_1L;flow_regimen;resistivity-2_1H;resistivity-2_1L;watercut_1H;watercut_1L;ph;dissolved-oxygen;tss-180;tss-90;oil-water;conductivity-AC;conductivity-DC;ph_1H;ph_1L;dissolved-oxygen_1H;dissolved-oxygen_1L;tss-180_1H;tss-180_1L;tss-90_1H;tss-90_1L;temperature_1H;temperature_1L;oil-water_1H;oil-water_1L;conductivity-AC_1H;conductivity-AC_1L;conductivity-DC_1H;conductivity-DC_1L;water-quality_1H;water-quality_1L;PH_1H;PH_1L;Conductivity-AC_1H;Conductivity-AC_1L
145;2020/01/11 12:34:36;16327;16329;16347;1;2375;;;;;;;;;;;;;;;;;;;;;;;;;;;;;;;;;;;;;;;;;;;;;;;;
146;2020/01/16 16:13:52;;16329;16347;;;16343;;;;;;;;;;;;;;;;;;;;;;;;;;;;;;;;;;;;;;;;;;;;;;;
147;2020/01/16 16:15:30;;16329;16347;;;16343;;;;;;;;;;;;;;;;;;;;;;;;;;;;;;;;;;;;;;;;;;;;;;;
148;2020/01/16 16:15:57;;16329;16347;;;16343;;;;;;;;;;;;;;;;;;;;;;;;;;;;;;;;;;;;;;;;;;;;;;;
149;2020/01/16 16:16:00;;16329;16347;;;16343;16359;16358;;;;;;;;;;;;;;;;;;;;;;;;;;;;;;;;;;;;;;;;;;;;;
150;2020/01/16 16:16:48;;16329;16347;;;16343;16359;16358;;;;;;;;;;;;;;;;;;;;;;;;;;;;;;;;;;;;;;;;;;;;;
151;2020/01/16 16:17:10;;16329;16347;;;16343;16359;16358;;;;;;;;;;;;;;;;;;;;;;;;;;;;;;;;;;;;;;;;;;;;;
152;2020/01/16 16:17:27;;16329;16347;;;16343;16359;16358;;;;;;;;;;;;;;;;;;;;;;;;;;;;;;;;;;;;;;;;;;;;;
153;2020/01/16 16:18:27;;16329;16347;;;16343;16359;16358;;;;;;;;;;;;;;;;;;;;;;;;;;;;;;;;;;;;;;;;;;;;;
154;2020/01/16 16:21:13;;16329;16347;;;16343;16359;16358;;;;;;;;;;;;;;;;;;;;;;;;;;;;;;;;;;;;;;;;;;;;;
155;2020/01/16 16:21:22;;16329;16347;;;16343;16359;16358;;;;;;;;;;;;;;;;;;;;;;;;;;;;;;;;;;;;;;;;;;;;;
156;2020/01/16 16:21:25;;16329;16347;;;16343;16359;16358;;;;;;;;;;;;;;;;;;;;;;;;;;;;;;;;;;;;;;;;;;;;;
157;2020/01/16 16:21:28;;16329;16347;;;16343;16359;16358;;;;;;;;;;;;;;;;;;;;;;;;;;;;;;;;;;;;;;;;;;;;;
158;2020/01/16 16:21:30;;16329;16347;;;16343;16359;16358;;;;;;;;;;;;;;;;;;;;;;;;;;;;;;;;;;;;;;;;;;;;;
159;2020/01/16 16:22:47;;16329;16347;;;16343;16359;16358;;;;;;;;;;;;;;;;;;;;;;;;;;;;;;;;;;;;;;;;;;;;;
160;2020/01/16 16:22:50;;16329;16347;;;16343;16359;16358;;;;;;;;;;;;;;;;;;;;;;;;;;;;;;;;;;;;;;;;;;;;;
161;2020/01/16 16:27:17;16329;16329;;;;16343;;;;;;;;;;;;;;;;;;;;;;;;;;;;;;;;;;;;;;;;;;;;;;;
162;2020/01/16 16:30:15;16329;16329;;;;16343;;;;;;;;;;;;;;;;;;;;;;;;;;;;;;;;;;;;;;;;;;;;;;;
163;2020/01/16 16:30:47;16329;16329;16347;;;16343;16359;16358;16345;;;;;;;;;;;;;;;;;;;;;;;;;;;;;;;;;;;;;;;;;;;;
164;2020/01/16 16:31:40;16329;16329;16347;;;16343;16359;16358;16345;;;;;;;;;;;;;;;;;;;;;;;;;;;;;;;;;;;;;;;;;;;;
165;2020/01/16 16:32:54;16329;16329;16347;;;16343;16359;16358;16345;;;;;;;;;;;;;;;;;;;;;;;;;;;;;;;;;;;;;;;;;;;;
166;2020/01/16 16:34:07;16329;;16347;;;16343;;;;16345;;;;;;;;;;;;;;;;;;;;;;;;;;;;;;;;;;;;;;;;;;;
167;2020/01/16 16:34:41;16329;;16347;;;16343;16359;;16345;16345;;;;;;;;;;;;;;;;;;;;;;;;;;;;;;;;;;;;;;;;;;;
168;2020/01/16 16:45:51;16329;;16347;;;16343;16359;;16345;16345;;;;;;;;;;;;;;;;;;;;;;;;;;;;;;;;;;;;;;;;;;;
169;2020/01/16 16:52:58;16329;16329;;;;16343;;;;;;;;;;;;;;;;;;;;;;;;;;;;;;;;;;;;;;;;;;;;;;;
170;2020/01/16 16:57:04;;;;;;16343;;;;16345;;;;;;;;;;;;;;;;;;;;;;;;;;;;;;;;;;;;;;;;;;;
171;2020/01/16 16:57:40;;;16347;;;16343;;;16345;16345;;;;;;;;;;;;;;;;;;;;;;;;;;;;;;;;;;;;;;;;;;;
172;2020/01/16 16:57:55;;;16347;;;16343;;;16345;16345;;;;;;;;;;;;;;;;;;;;;;;;;;;;;;;;;;;;;;;;;;;
173;2020/01/16 16:58:01;;;16347;;;16343;;;16345;16345;;;;;;;;;;;;;;;;;;;;;;;;;;;;;;;;;;;;;;;;;;;
174;2020/01/16 16:58:05;;;16347;;;16343;;;16345;16345;;;;;;;;;;;;;;;;;;;;;;;;;;;;;;;;;;;;;;;;;;;
175;2020/01/16 16:59:04;16329;16329;;;;;;;;;;;;;;;;;;;;;;;;;;;;;;;;;;;;;;;;;;;;;;;;;;;
176;2020/01/16 16:59:10;16329;16329;;;;;;;;;;;;;;;;;;;;;;;;;;;;;;;;;;;;;;;;;;;;;;;;;;;
177;2020/01/16 17:00:13;;16329;;;;16343;;;;16345;;;;;;;;;;;;;;;;;;;;;;;;;;;;;;;;;;;;;;;;;;;
178;2020/01/16 17:00:57;;16329;;;;16343;;;16345;16345;;;;;;;;;;;;;;;;;;;;;;;;;;;;;;;;;;;;;;;;;;;
179;2020/01/16 17:02:39;;16329;;;;16343;;;16345;16345;;;;;;;;;;;;;;;;;;;;;;;;;;;;;;;;;;;;;;;;;;;
180;2020/01/16 18:40:02;;;;;;;;;;;;;;;;;;;;;;;;;;;;;;;;;;;;;;;;;;;;;;;;;;;;;
181;2020/01/16 18:46:41;;;;;;;;;;;16342;16377;8836;;;;;;;;;;;;;;;;;;;;;;;;;;;;;;;;;;;;;;;;
182;2020/01/16 18:47:33;;;;;;;;;;;16342;16377;8836;16335;16377;;;;;;;;;;;;;;;;;;;;;;;;;;;;;;;;;;;;;;
183;2020/01/16 18:47:56;;16329;;;;16343;;;;;16342;16377;8836;16335;16377;;;;;;;;;;;;;;;;;;;;;;;;;;;;;;;;;;;;;;
184;2020/01/16 18:49:11;;16329;;;;16343;;;;;16342;;;16335;16377;;;;;;;;;;;;;;;;;;;;;;;;;;;;;;;;;;;;;;
185;2020/01/16 18:49:55;;16329;;;;16343;;;;;16342;;;16335;16377;;;;;;;;;;;;;;;;;;;;;;;;;;;;;;;;;;;;;;
186;2020/01/16 18:49:57;;16329;;;;;;;;;16342;;;16335;16377;;;;;;;;;;;;;;;;;;;;;;;;;;;;;;;;;;;;;;
187;2020/01/16 18:50:42;;;;;;;;;;;16342;;;16335;16377;;;;;;;;;;;;;;;;;;;;;;;;;;;;;;;;;;;;;;
188;2020/01/16 18:50:49;;;;;;;;;;;16342;;;16335;16377;;;;;;;;;;;;;;;;;;;;;;;;;;;;;;;;;;;;;;
189;2020/01/16 18:50:52;;;;;;;;;;;16342;16377;;16335;16377;;;;;;;;;;;;;;;;;;;;;;;;;;;;;;;;;;;;;;
190;2020/01/16 18:51:43;;;;;;;16359;;;;16342;16377;;16335;16377;;;;;;;;;;;;;;;;;;;;;;;;;;;;;;;;;;;;;;
191;2020/01/16 18:52:04;;;;;;;16359;;;;16342;16377;;;;;;;;;;;;;;;;;;;;;;;;;;;;;;;;;;;;;;;;;
192;2020/01/17 16:41:37;16327;;;1;2386;;;;;;;;;;;0;9830;0;9830;;;;;;;;;;;;;;;;;;;;;;;;;;;;;;;;;;
193;2020/01/17 16:41:55;16327;;;1;2386;;;;;;;;;;;0;9830;0;9830;;;;;;;;;;;;;;;;;;;;;;;;;;;;;;;;;;
194;2020/01/17 16:45:59;16327;;;1;2386;;;;;;;;;;;0;9830;0;9830;;;;;;;;;;;;;;;;;;;;;;;;;;;;;;;;;;
195;2020/01/17 16:46:53;16327;;;1;2386;;;;;;;;;;;0;9830;0;9830;;;;;;;;;;;;;;;;;;;;;;;;;;;;;;;;;;
196;2020/01/17 16:48:27;16327;;;1;2386;;;;;;;;;;;0;9830;0;9830;12;;;;;;;;;;;;;;;;;;;;;;;;;;;;;;;;;
197;2020/01/17 16:50:34;16327;;;1;2386;;;;16344;;;;;;;0;9830;0;9830;12;16344;0000;;;;;;;;;;;;;;;;;;;;;;;;;;;;;;;
198;2020/01/17 16:51:39;16327;;;1;2386;;16358;;16344;;;;;;;0;9830;0;9830;12;16344;0000;;;;;;;;;;;;;;;;;;;;;;;;;;;;;;;
199;2020/01/17 16:52:30;16327;;;1;2386;;16358;;16344;;;;;;;0;9830;0;9830;12;;;;;;;;;;;;;;;;;;;;;;;;;;;;;;;;;
200;2020/01/17 17:00:31;;;;;;16341;;;;;;;;;;;;;;;;;;;;;;;;;;;;;;;;;;;;;;;;;;;;;;;
201;2020/01/17 17:15:20;16327;16329;;;;;;;;;;;;;;;;;;;;;;;;;;;;;;;;;;;;;;;;;;;;;;;;;;;
202;2020/01/17 17:15:53;16327;16329;;;;;;;;;;;;;;;;;;;;;;;;;;;;;;;;;;;;;;;;;;;;;;;;;;;
203;2020/01/17 17:17:08;;;;;;;;;;;;;;;;;;;;;;;;;;;;;;;;;;;;;;;;;;;;;;;;;;;;;
204;2020/01/17 17:17:18;16327;;;;;;;;;;;;;;;;;;;;;;;;;;;;;;;;;;;;;;;;;;;;;;;;;;;;
205;2020/01/17 17:17:28;16327;;;;;;;;;;;;;;;;;;;;;;;;;;;;;;;;;;;;;;;;;;;;;;;;;;;;
206;2020/01/17 17:21:13;16327;;;;;;;;;;;;;;;;;;;;;;;;;;;;;;;;;;;;;;;;;;;;;;;;;;;;
207;2020/01/17 17:22:25;16327;;;;;;;;;;;;;;;;;;;;;;;;;;;;;;;;;;;;;;;;;;;;;;;;;;;;
208;2020/01/17 17:23:31;16327;;;;;;;;;;;;;;;;;;;;;;;;;;;;;;;;;;;;;;;;;;;;;;;;;;;;
209;2020/01/17 17:23:47;16327;;;;;;;;;;;;;;;;;;;;;;;;;;;;;;;;;;;;;;;;;;;;;;;;;;;;
210;2020/01/17 17:24:41;16327;16329;;;;;;;;;;;;;;0;9830;;;;;;;;;;;;;;;;;;;;;;;;;;;;;;;;;;;;
211;2020/01/17 17:25:15;16327;16329;;0;9830;;;;;;;;;;;0;9830;0;9830;12;;;0;9830;;;;;;;;;;;;;;;;;;;;;;;;;;;;;
212;2020/01/17 17:25:50;16327;16329;;;;;;;;;;;;;;0;9830;;;12;;;0;9830;;;;;;;;;;;;;;;;;;;;;;;;;;;;;
213;2020/01/18 13:10:31;16327;16329;;;;16341;;;;;;;;;;;;;;;;;;;;;;;;;;;;;;;;;;;;;;;;;;;;;;;
214;2020/01/18 13:13:41;16327;16329;16347;;;16341;;;;16344;;;;;;;;;;;;;;;;;;;;;;;;;;;;;;;;;;;;;;;;;;;
215;2020/02/26 09:18:13;16327;16377;8834;;;16342;16342;;;;;;;;;;;;;;;;;;;;;;;;;;;;;;;;;;;;;;;;;;;;;;
216;2020/09/18 12:05:21;;;;;;;;;;;;;;;;;;;;;;;;;;;;;;;;;;;;;;;;;;;;;;;;;;;;;
217;2020/09/18 12:20:58;;;9460;;;;;;;;;;;;;;;;;;;;;;6600;9600;3040;3600;1460;12600;1600;;;;;;;;;;;;;;;;;;;;;;
218;2020/09/18 12:36:43;;;9460;;;;;;;;;;;;;;;;;;;;;;6600;9600;3040;3600;1460;12600;1600;;;;;;;;;;;;;;;;;;;;;;
219;2020/09/18 12:37:30;;;9460;;;;;;;;;;;;;;;;;;;;;;6600;9600;3040;3600;1460;12600;1600;;;;;;;;;;;;;;;;;;;;;;
220;2020/09/18 12:38:03;;;9460;;;;;;;;;;;;;;;;;;;;;;6600;9600;3040;3600;1460;12600;1600;;;;;;;;;;;;;;;;;;;;;;
221;2020/09/18 12:39:53;;;9460;;;;;;;;;;;;;;;;;;;;;;6600;9600;3040;3600;1460;12600;1600;;;;;;;;;;;;;;;;;;;;;;
222;2020/09/18 14:38:33;;;9460;;;;;;;;;;;;;;;;;;;;;;6600;9600;3040;3600;1460;12600;1600;;;;;;;;;;;;;;;;;;;;;;
223;2020/09/18 14:47:44;;;9490;;;;;;;;;;;;;;;;;;;;;;6900;11900;3010;3900;1490;12900;1900;;;;;;;;;;;;;;;;;;;;;;
224;2020/09/18 15:08:10;;;9490;;;;;;;;;;;;;;;;;;;;;;6900;11900;3010;3900;1490;12900;1900;;;;;;;;;;;;;;;;;;;;;;
225;2020/09/18 15:08:58;;;9490;;;;;;;;;;;;;;;;;;;;;;6900;11900;3010;3900;1490;12900;1900;;;;;;;;;;;;;;;;;;;;;;
226;2020/09/18 15:21:47;;;9530;;;;;;;;;;;;;;;;;;;;;;7300;11700;3030;4300;1530;13300;2300;;;;;;;;;;;;;;;;;;;;;;
227;2020/09/18 15:49:22;;;9530;;;;;;;;;;;;;;;;;;;;;;7300;11700;3030;4300;1530;13300;2300;;;;;;;;;;;;;;;;;;;;;;
228;2020/09/18 15:50:25;;;9530;;;;;;;;;;;;;;;;;;;;;;7300;11700;3030;4300;1530;13300;2300;;;;;;;;;;;;;;;;;;;;;;
229;2020/09/18 15:51:19;;;9110;;;;;;;;;;;;;;;;;;;;;;7100;9900;3010;4100;1110;13100;2100;;;;;;;;;;;;;;;;;;;;;;
230;2020/09/18 16:07:41;;;-7320;;;;;;;;;;;;;;;;;;;;;;3975;-85288;-880;-131;3125;23887;-418;3975;83;-85288;16;-880;49;-131;63;-7320;79;3125;08;23887;58;-418;95;-125;69;;;;
231;2020/09/18 16:09:52;;;-7157;;;;;;;;;;;;;;;;;;;;;;4268;-97830;-883;-151;2679;24824;-590;4268;03;-97830;55;-883;46;-151;03;-7157;39;2679;07;24824;93;-590;45;-177;14;;;;
232;2020/09/18 16:09:56;;;-7126;;;;;;;;;;;;;;;;;;;;;;4501;-94485;-883;-166;2594;25574;-727;4501;79;-94485;91;-883;46;-166;55;-7126;26;2594;11;25574;81;-727;65;-218;30;;;;
233;2020/09/18 16:10:03;;;-7118;;;;;;;;;;;;;;;;;;;;;;4560;-93649;-880;-170;2572;25762;-761;4560;23;-93649;76;-880;49;-170;43;-7118;48;2572;87;25762;28;-761;95;-228;59;;;;
234;2020/09/18 16:10:10;;;-7110;;;;;;;;;;;;;;;;;;;;;;4618;-92813;-877;-174;2551;25949;-796;4618;67;-92813;59;-877;52;-174;31;-7110;70;2551;63;25949;75;-796;25;-238;88;;;;
235;2020/09/18 16:10:17;;;-7102;;;;;;;;;;;;;;;;;;;;;;4677;-91977;-874;-178;2530;26137;-830;4677;11;-91977;44;-874;54;-178;19;-7102;92;2530;39;26137;22;-830;55;-249;17;;;;
236;2020/09/18 16:10:23;;;-7095;;;;;;;;;;;;;;;;;;;;;;4618;-91141;-877;-174;2509;25949;-796;4618;67;-91141;27;-877;52;-174;31;-7095;14;2509;15;25949;75;-796;25;-238;88;;;;
237;2020/09/18 16:10:30;;;-7087;;;;;;;;;;;;;;;;;;;;;;4560;-90305;-880;-170;2487;25762;-761;4560;23;-90305;12;-880;49;-170;43;-7087;36;2487;91;25762;28;-761;95;-228;59;;;;
238;2020/09/18 16:10:37;;;-7079;;;;;;;;;;;;;;;;;;;;;;4501;-89468;-883;-166;2466;25574;-727;4501;79;-89468;95;-883;46;-166;55;-7079;58;2466;68;25574;81;-727;65;-218;30;;;;
239;2020/09/18 16:10:44;;;-7071;;;;;;;;;;;;;;;;;;;;;;4443;-88632;-886;-162;2445;25387;-693;4443;35;-88632;80;-886;43;-162;67;-7071;80;2445;44;25387;34;-693;35;-208;01;;;;
240;2020/09/18 16:10:50;;;-7064;;;;;;;;;;;;;;;;;;;;;;4384;-87796;-889;-158;2424;25199;-659;4384;91;-87796;63;-889;40;-158;79;-7064;02;2424;20;25199;87;-659;05;-197;72;;;;
241;2020/09/18 16:10:57;;;-7056;;;;;;;;;;;;;;;;;;;;;;4326;-86960;-886;-154;2402;25012;-624;4326;47;-86960;48;-886;43;-154;91;-7056;23;2402;96;25012;40;-624;75;-187;43;;;;
242;2020/09/18 16:11:04;;;-7048;;;;;;;;;;;;;;;;;;;;;;4268;-86124;-883;-151;2381;24824;-590;4268;03;-86124;31;-883;46;-151;03;-7048;45;2381;72;24824;93;-590;45;-177;14;;;;
243;2020/09/18 16:11:11;;;-7040;;;;;;;;;;;;;;;;;;;;;;4209;-85288;-880;-147;2360;24637;-556;4209;59;-85288;16;-880;49;-147;15;-7040;67;2360;48;24637;46;-556;15;-166;85;;;;
244;2020/09/18 16:11:17;;;-7032;;;;;;;;;;;;;;;;;;;;;;4151;-84451;-877;-143;2339;24449;-521;4151;15;-84451;99;-877;52;-143;27;-7032;89;2339;24;24449;99;-521;85;-156;56;;;;
245;2020/09/18 16:11:24;;;-7025;;;;;;;;;;;;;;;;;;;;;;4092;-83615;-874;-139;2318;24262;-487;4092;71;-83615;84;-874;54;-139;39;-7025;11;2318;00;24262;52;-487;55;-146;27;;;;
246;2020/09/18 16:11:31;;;-7017;;;;;;;;;;;;;;;;;;;;;;4034;-82779;-877;-135;2296;24075;-453;4034;27;-82779;67;-877;52;-135;51;-7017;33;2296;76;24075;05;-453;25;-135;98;;;;
247;2020/09/18 16:11:38;;;-7009;;;;;;;;;;;;;;;;;;;;;;3975;-81943;-880;-131;2275;23887;-418;3975;83;-81943;52;-880;49;-131;63;-7009;55;2275;52;23887;58;-418;95;-125;69;;;;
248;2020/09/18 16:11:44;;;-7001;;;;;;;;;;;;;;;;;;;;;;3917;-81107;-883;-127;2254;23700;-384;3917;39;-81107;35;-883;46;-127;75;-7001;77;2254;29;23700;11;-384;65;-115;40;;;;
249;2020/09/18 16:11:51;;;-6993;;;;;;;;;;;;;;;;;;;;;;3858;-80271;-886;-123;2233;23512;-350;3858;95;-80271;20;-886;43;-123;87;-6993;99;2233;05;23512;64;-350;35;-105;11;;;;
250;2020/09/18 16:11:58;;;-6986;;;;;;;;;;;;;;;;;;;;;;3800;-79435;-889;-119;2211;23325;-316;3800;51;-79435;03;-889;40;-119;99;-6986;21;2211;81;23325;17;-316;05;-94;82;;;;
251;2020/09/18 16:12:05;;;-6978;;;;;;;;;;;;;;;;;;;;;;3742;-78598;-886;-116;2190;23137;-281;3742;07;-78598;88;-886;43;-116;11;-6978;42;2190;57;23137;70;-281;75;-84;53;;;;
252;2020/09/18 16:12:11;;;-6970;;;;;;;;;;;;;;;;;;;;;;3683;-77762;-883;-112;2169;22950;-247;3683;63;-77762;71;-883;46;-112;23;-6970;64;2169;33;22950;23;-247;45;-74;24;;;;
253;2020/09/18 16:12:18;;;-6962;;;;;;;;;;;;;;;;;;;;;;3625;-76926;-880;-108;2148;22762;-213;3625;19;-76926;55;-880;49;-108;35;-6962;86;2148;09;22762;76;-213;15;-63;95;;;;
254;2020/09/18 16:12:25;;;-6955;;;;;;;;;;;;;;;;;;;;;;3566;-76090;-877;-104;2126;22575;-178;3566;75;-76090;39;-877;52;-104;47;-6955;08;2126;85;22575;29;-178;85;-53;66;;;;
255;2020/09/18 16:12:32;;;-6947;;;;;;;;;;;;;;;;;;;;;;3508;-75254;-874;-100;2105;22387;-144;3508;31;-75254;23;-874;54;-100;59;-6947;30;2105;61;22387;82;-144;55;-43;37;;;;
256;2020/09/18 16:12:38;;;-6955;;;;;;;;;;;;;;;;;;;;;;3566;-76090;-877;-104;2126;22575;-178;3566;75;-76090;39;-877;52;-104;47;-6955;08;2126;85;22575;29;-178;85;-53;66;;;;
257;2020/09/18 16:12:45;;;-6962;;;;;;;;;;;;;;;;;;;;;;3625;-76926;-880;-108;2148;22762;-213;3625;19;-76926;55;-880;49;-108;35;-6962;86;2148;09;22762;76;-213;15;-63;95;;;;
258;2020/09/18 16:12:52;;;-6970;;;;;;;;;;;;;;;;;;;;;;3683;-77762;-883;-112;2169;22950;-247;3683;63;-77762;71;-883;46;-112;23;-6970;64;2169;33;22950;23;-247;45;-74;24;;;;
259;2020/09/18 16:12:59;;;-6978;;;;;;;;;;;;;;;;;;;;;;3742;-78598;-886;-116;2190;23137;-281;3742;07;-78598;88;-886;43;-116;11;-6978;42;2190;57;23137;70;-281;75;-84;53;;;;
260;2020/09/18 16:13:05;;;-6986;;;;;;;;;;;;;;;;;;;;;;3800;-79435;-889;-119;2211;23325;-316;3800;51;-79435;03;-889;40;-119;99;-6986;21;2211;81;23325;17;-316;05;-94;82;;;;
261;2020/09/18 16:13:12;;;-6993;;;;;;;;;;;;;;;;;;;;;;3858;-80271;-886;-123;2233;23512;-350;3858;95;-80271;20;-886;43;-123;87;-6993;99;2233;05;23512;64;-350;35;-105;11;;;;
262;2020/09/18 16:13:19;;;-7001;;;;;;;;;;;;;;;;;;;;;;3917;-81107;-883;-127;2254;23700;-384;3917;39;-81107;35;-883;46;-127;75;-7001;77;2254;29;23700;11;-384;65;-115;40;;;;
263;2020/09/18 16:13:25;;;-7009;;;;;;;;;;;;;;;;;;;;;;3975;-81943;-880;-131;2275;23887;-418;3975;83;-81943;52;-880;49;-131;63;-7009;55;2275;52;23887;58;-418;95;-125;69;;;;
264;2020/09/18 16:13:33;;;-7017;;;;;;;;;;;;;;;;;;;;;;4034;-82779;-877;-135;2296;24075;-453;4034;27;-82779;67;-877;52;-135;51;-7017;33;2296;76;24075;05;-453;25;-135;98;;;;
265;2020/09/18 16:13:39;;;-7025;;;;;;;;;;;;;;;;;;;;;;4092;-83615;-874;-139;2318;24262;-487;4092;71;-83615;84;-874;54;-139;39;-7025;11;2318;00;24262;52;-487;55;-146;27;;;;
266;2020/09/18 16:13:46;;;-7032;;;;;;;;;;;;;;;;;;;;;;4151;-84451;-877;-143;2339;24449;-521;4151;15;-84451;99;-877;52;-143;27;-7032;89;2339;24;24449;99;-521;85;-156;56;;;;
267;2020/09/18 16:13:52;;;-7040;;;;;;;;;;;;;;;;;;;;;;4209;-85288;-880;-147;2360;24637;-556;4209;59;-85288;16;-880;49;-147;15;-7040;67;2360;48;24637;46;-556;15;-166;85;;;;
268;2020/09/18 16:13:59;;;-7048;;;;;;;;;;;;;;;;;;;;;;4268;-86124;-883;-151;2381;24824;-590;4268;03;-86124;31;-883;46;-151;03;-7048;45;2381;72;24824;93;-590;45;-177;14;;;;
269;2020/09/18 16:14:06;;;-7056;;;;;;;;;;;;;;;;;;;;;;4326;-86960;-886;-154;2402;25012;-624;4326;47;-86960;48;-886;43;-154;91;-7056;23;2402;96;25012;40;-624;75;-187;43;;;;
270;2020/09/18 16:14:13;;;-7064;;;;;;;;;;;;;;;;;;;;;;4384;-87796;-889;-158;2424;25199;-659;4384;91;-87796;63;-889;40;-158;79;-7064;02;2424;20;25199;87;-659;05;-197;72;;;;
271;2020/09/18 16:14:19;;;-7071;;;;;;;;;;;;;;;;;;;;;;4443;-88632;-886;-162;2445;25387;-693;4443;35;-88632;80;-886;43;-162;67;-7071;80;2445;44;25387;34;-693;35;-208;01;;;;
272;2020/09/18 16:14:26;;;-7079;;;;;;;;;;;;;;;;;;;;;;4501;-89468;-883;-166;2466;25574;-727;4501;79;-89468;95;-883;46;-166;55;-7079;58;2466;68;25574;81;-727;65;-218;30;;;;
273;2020/09/18 16:14:33;;;-7087;;;;;;;;;;;;;;;;;;;;;;4560;-90305;-880;-170;2487;25762;-761;4560;23;-90305;12;-880;49;-170;43;-7087;36;2487;91;25762;28;-761;95;-228;59;;;;
274;2020/09/18 16:14:40;;;-7095;;;;;;;;;;;;;;;;;;;;;;4618;-91141;-877;-174;2509;25949;-796;4618;67;-91141;27;-877;52;-174;31;-7095;14;2509;15;25949;75;-796;25;-238;88;;;;
275;2020/09/18 16:14:46;;;-7102;;;;;;;;;;;;;;;;;;;;;;4677;-91977;-874;-178;2530;26137;-830;4677;11;-91977;44;-874;54;-178;19;-7102;92;2530;39;26137;22;-830;55;-249;17;;;;
276;2020/09/18 16:14:53;;;-7110;;;;;;;;;;;;;;;;;;;;;;4618;-92813;-877;-174;2551;25949;-796;4618;67;-92813;59;-877;52;-174;31;-7110;70;2551;63;25949;75;-796;25;-238;88;;;;
277;2020/09/18 16:15:00;;;-7118;;;;;;;;;;;;;;;;;;;;;;4560;-93649;-880;-170;2572;25762;-761;4560;23;-93649;76;-880;49;-170;43;-7118;48;2572;87;25762;28;-761;95;-228;59;;;;
278;2020/09/18 16:15:06;;;-7126;;;;;;;;;;;;;;;;;;;;;;4501;-94485;-883;-166;2594;25574;-727;4501;79;-94485;91;-883;46;-166;55;-7126;26;2594;11;25574;81;-727;65;-218;30;;;;
279;2020/09/18 16:15:13;;;-7134;;;;;;;;;;;;;;;;;;;;;;4443;-95322;-886;-162;2615;25387;-693;4443;35;-95322;07;-886;43;-162;67;-7134;04;2615;35;25387;34;-693;35;-208;01;;;;
280;2020/09/18 16:15:27;;;-7149;;;;;;;;;;;;;;;;;;;;;;4326;-96994;-886;-154;2657;25012;-624;4326;47;-96994;39;-886;43;-154;91;-7149;61;2657;83;25012;40;-624;75;-187;43;;;;
281;2020/09/18 16:15:33;;;-7157;;;;;;;;;;;;;;;;;;;;;;4268;-97830;-883;-151;2679;24824;-590;4268;03;-97830;55;-883;46;-151;03;-7157;39;2679;07;24824;93;-590;45;-177;14;;;;
282;2020/09/18 16:15:40;;;-7165;;;;;;;;;;;;;;;;;;;;;;4209;-98666;-880;-147;2700;24637;-556;4209;59;-98666;71;-880;49;-147;15;-7165;17;2700;30;24637;46;-556;15;-166;85;;;;
283;2020/09/18 16:15:47;;;-7172;;;;;;;;;;;;;;;;;;;;;;4151;-99502;-877;-143;2721;24449;-521;4151;15;-99502;88;-877;52;-143;27;-7172;95;2721;54;24449;99;-521;85;-156;56;;;;
284;2020/09/18 16:15:54;;;-7180;;;;;;;;;;;;;;;;;;;;;;4092;-100339;-874;-139;2742;24262;-487;4092;71;-100339;03;-874;54;-139;39;-7180;73;2742;78;24262;52;-487;55;-146;27;;;;
285;2020/09/18 16:16:00;;;-7188;;;;;;;;;;;;;;;;;;;;;;4034;-99502;-877;-135;2764;24075;-453;4034;27;-99502;88;-877;52;-135;51;-7188;51;2764;02;24075;05;-453;25;-135;98;;;;
286;2020/09/18 16:16:08;;;-7196;;;;;;;;;;;;;;;;;;;;;;3975;-98666;-880;-131;2785;23887;-418;3975;83;-98666;71;-880;49;-131;63;-7196;29;2785;26;23887;58;-418;95;-125;69;;;;
287;2020/09/18 16:16:14;;;-7204;;;;;;;;;;;;;;;;;;;;;;3917;-97830;-883;-127;2806;23700;-384;3917;39;-97830;55;-883;46;-127;75;-7204;07;2806;50;23700;11;-384;65;-115;40;;;;
288;2020/09/18 16:16:20;;;-7211;;;;;;;;;;;;;;;;;;;;;;3858;-96994;-886;-123;2827;23512;-350;3858;95;-96994;39;-886;43;-123;87;-7211;85;2827;74;23512;64;-350;35;-105;11;;;;
289;2020/09/18 16:16:27;;;-7219;;;;;;;;;;;;;;;;;;;;;;3800;-96158;-889;-119;2848;23325;-316;3800;51;-96158;23;-889;40;-119;99;-7219;63;2848;98;23325;17;-316;05;-94;82;;;;
290;2020/09/18 16:16:34;;;-7227;;;;;;;;;;;;;;;;;;;;;;3742;-95322;-886;-116;2870;23137;-281;3742;07;-95322;07;-886;43;-116;11;-7227;42;2870;22;23137;70;-281;75;-84;53;;;;
291;2020/09/18 16:16:41;;;-7235;;;;;;;;;;;;;;;;;;;;;;3683;-94485;-883;-112;2891;22950;-247;3683;63;-94485;91;-883;46;-112;23;-7235;20;2891;46;22950;23;-247;45;-74;24;;;;
292;2020/09/18 16:16:47;;;-7242;;;;;;;;;;;;;;;;;;;;;;3625;-93649;-880;-108;2912;22762;-213;3625;19;-93649;76;-880;49;-108;35;-7242;98;2912;69;22762;76;-213;15;-63;95;;;;
293;2020/09/18 16:16:54;;;-7250;;;;;;;;;;;;;;;;;;;;;;3566;-92813;-877;-104;2933;22575;-178;3566;75;-92813;59;-877;52;-104;47;-7250;76;2933;93;22575;29;-178;85;-53;66;;;;
294;2020/09/18 16:17:01;;;-7258;;;;;;;;;;;;;;;;;;;;;;3508;-91977;-874;-100;2955;22387;-144;3508;31;-91977;44;-874;54;-100;59;-7258;54;2955;17;22387;82;-144;55;-43;37;;;;
295;2020/09/18 16:17:08;;;-7266;;;;;;;;;;;;;;;;;;;;;;3566;-91141;-877;-104;2976;22575;-178;3566;75;-91141;27;-877;52;-104;47;-7266;32;2976;41;22575;29;-178;85;-53;66;;;;
296;2020/09/18 16:17:14;;;-7274;;;;;;;;;;;;;;;;;;;;;;3625;-90305;-880;-108;2997;22762;-213;3625;19;-90305;12;-880;49;-108;35;-7274;10;2997;65;22762;76;-213;15;-63;95;;;;
297;2020/09/18 16:17:21;;;-7281;;;;;;;;;;;;;;;;;;;;;;3683;-89468;-883;-112;3018;22950;-247;3683;63;-89468;95;-883;46;-112;23;-7281;88;3018;89;22950;23;-247;45;-74;24;;;;
298;2020/09/18 16:17:28;;;-7289;;;;;;;;;;;;;;;;;;;;;;3742;-88632;-886;-116;3040;23137;-281;3742;07;-88632;80;-886;43;-116;11;-7289;66;3040;13;23137;70;-281;75;-84;53;;;;
299;2020/09/18 16:17:35;;;-7297;;;;;;;;;;;;;;;;;;;;;;3800;-87796;-889;-119;3061;23325;-316;3800;51;-87796;63;-889;40;-119;99;-7297;44;3061;37;23325;17;-316;05;-94;82;;;;
300;2020/09/18 16:17:41;;;-7305;;;;;;;;;;;;;;;;;;;;;;3858;-86960;-886;-123;3082;23512;-350;3858;95;-86960;48;-886;43;-123;87;-7305;23;3082;61;23512;64;-350;35;-105;11;;;;
301;2020/09/18 16:17:48;;;-7313;;;;;;;;;;;;;;;;;;;;;;3917;-86124;-883;-127;3103;23700;-384;3917;39;-86124;31;-883;46;-127;75;-7313;01;3103;85;23700;11;-384;65;-115;40;;;;
302;2020/09/18 16:17:55;;;-7320;;;;;;;;;;;;;;;;;;;;;;3975;-85288;-880;-131;3125;23887;-418;3975;83;-85288;16;-880;49;-131;63;-7320;79;3125;08;23887;58;-418;95;-125;69;;;;
303;2020/09/18 16:18:01;;;-7328;;;;;;;;;;;;;;;;;;;;;;4034;-84451;-877;-135;3146;24075;-453;4034;27;-84451;99;-877;52;-135;51;-7328;57;3146;32;24075;05;-453;25;-135;98;;;;
304;2020/09/18 16:18:08;;;-7336;;;;;;;;;;;;;;;;;;;;;;4092;-83615;-874;-139;3167;24262;-487;4092;71;-83615;84;-874;54;-139;39;-7336;35;3167;56;24262;52;-487;55;-146;27;;;;
305;2020/09/18 16:18:15;;;-7344;;;;;;;;;;;;;;;;;;;;;;4151;-82779;-877;-143;3188;24449;-521;4151;15;-82779;67;-877;52;-143;27;-7344;13;3188;80;24449;99;-521;85;-156;56;;;;
306;2020/09/18 16:18:22;;;-7351;;;;;;;;;;;;;;;;;;;;;;4209;-81943;-880;-147;3210;24637;-556;4209;59;-81943;52;-880;49;-147;15;-7351;91;3210;04;24637;46;-556;15;-166;85;;;;
307;2020/09/18 16:18:28;;;-7359;;;;;;;;;;;;;;;;;;;;;;4268;-81107;-883;-151;3231;24824;-590;4268;03;-81107;35;-883;46;-151;03;-7359;69;3231;28;24824;93;-590;45;-177;14;;;;
308;2020/09/18 16:18:35;;;-7367;;;;;;;;;;;;;;;;;;;;;;4326;-80271;-886;-154;3252;25012;-624;4326;47;-80271;20;-886;43;-154;91;-7367;47;3252;52;25012;40;-624;75;-187;43;;;;
309;2020/09/18 16:18:42;;;-7375;;;;;;;;;;;;;;;;;;;;;;4384;-79435;-889;-158;3273;25199;-659;4384;91;-79435;03;-889;40;-158;79;-7375;25;3273;76;25199;87;-659;05;-197;72;;;;
310;2020/09/18 16:18:49;;;-7383;;;;;;;;;;;;;;;;;;;;;;4443;-78598;-886;-162;3295;25387;-693;4443;35;-78598;88;-886;43;-162;67;-7383;04;3295;00;25387;34;-693;35;-208;01;;;;
311;2020/09/18 16:18:55;;;-7390;;;;;;;;;;;;;;;;;;;;;;4501;-77762;-883;-166;3316;25574;-727;4501;79;-77762;71;-883;46;-166;55;-7390;82;3316;24;25574;81;-727;65;-218;30;;;;
312;2020/09/18 16:19:02;;;-7398;;;;;;;;;;;;;;;;;;;;;;4560;-76926;-880;-170;3337;25762;-761;4560;23;-76926;55;-880;49;-170;43;-7398;60;3337;47;25762;28;-761;95;-228;59;;;;
313;2020/09/18 16:19:09;;;-7406;;;;;;;;;;;;;;;;;;;;;;4618;-76090;-877;-174;3358;25949;-796;4618;67;-76090;39;-877;52;-174;31;-7406;38;3358;71;25949;75;-796;25;-238;88;;;;
314;2020/09/18 16:19:15;;;-7414;;;;;;;;;;;;;;;;;;;;;;4677;-75254;-874;-178;3379;26137;-830;4677;11;-75254;23;-874;54;-178;19;-7414;16;3379;95;26137;22;-830;55;-249;17;;;;
315;2020/09/18 16:19:22;;;-7421;;;;;;;;;;;;;;;;;;;;;;4618;-76090;-877;-174;3401;25949;-796;4618;67;-76090;39;-877;52;-174;31;-7421;94;3401;19;25949;75;-796;25;-238;88;;;;
316;2020/09/18 16:19:29;;;-7429;;;;;;;;;;;;;;;;;;;;;;4560;-76926;-880;-170;3422;25762;-761;4560;23;-76926;55;-880;49;-170;43;-7429;72;3422;43;25762;28;-761;95;-228;59;;;;
317;2020/09/18 16:19:36;;;-7437;;;;;;;;;;;;;;;;;;;;;;4501;-77762;-883;-166;3443;25574;-727;4501;79;-77762;71;-883;46;-166;55;-7437;50;3443;67;25574;81;-727;65;-218;30;;;;
318;2020/09/18 16:19:42;;;-7445;;;;;;;;;;;;;;;;;;;;;;4443;-78598;-886;-162;3464;25387;-693;4443;35;-78598;88;-886;43;-162;67;-7445;28;3464;91;25387;34;-693;35;-208;01;;;;
319;2020/09/18 16:19:49;;;-7453;;;;;;;;;;;;;;;;;;;;;;4384;-79435;-889;-158;3486;25199;-659;4384;91;-79435;03;-889;40;-158;79;-7453;06;3486;15;25199;87;-659;05;-197;72;;;;
320;2020/09/18 16:19:56;;;-7460;;;;;;;;;;;;;;;;;;;;;;4326;-80271;-886;-154;3507;25012;-624;4326;47;-80271;20;-886;43;-154;91;-7460;85;3507;39;25012;40;-624;75;-187;43;;;;
321;2020/09/18 16:20:03;;;-7468;;;;;;;;;;;;;;;;;;;;;;4268;-81107;-883;-151;3528;24824;-590;4268;03;-81107;35;-883;46;-151;03;-7468;63;3528;63;24824;93;-590;45;-177;14;;;;
322;2020/09/18 16:20:09;;;-7476;;;;;;;;;;;;;;;;;;;;;;4209;-81943;-880;-147;3549;24637;-556;4209;59;-81943;52;-880;49;-147;15;-7476;41;3549;86;24637;46;-556;15;-166;85;;;;
323;2020/09/18 16:20:16;;;-7484;;;;;;;;;;;;;;;;;;;;;;4151;-82779;-877;-143;3571;24449;-521;4151;15;-82779;67;-877;52;-143;27;-7484;19;3571;10;24449;99;-521;85;-156;56;;;;
324;2020/09/18 16:20:23;;;-7491;;;;;;;;;;;;;;;;;;;;;;4092;-83615;-874;-139;3592;24262;-487;4092;71;-83615;84;-874;54;-139;39;-7491;97;3592;34;24262;52;-487;55;-146;27;;;;
325;2020/09/18 16:20:29;;;-7499;;;;;;;;;;;;;;;;;;;;;;4034;-84451;-877;-135;3613;24075;-453;4034;27;-84451;99;-877;52;-135;51;-7499;75;3613;58;24075;05;-453;25;-135;98;;;;
326;2020/09/18 16:20:36;;;-7507;;;;;;;;;;;;;;;;;;;;;;3975;-85288;-880;-131;3634;23887;-418;3975;83;-85288;16;-880;49;-131;63;-7507;53;3634;82;23887;58;-418;95;-125;69;;;;
327;2020/09/18 16:20:43;;;-7515;;;;;;;;;;;;;;;;;;;;;;3917;-86124;-883;-127;3656;23700;-384;3917;39;-86124;31;-883;46;-127;75;-7515;31;3656;06;23700;11;-384;65;-115;40;;;;
328;2020/09/18 16:20:50;;;-7523;;;;;;;;;;;;;;;;;;;;;;3858;-86960;-886;-123;3677;23512;-350;3858;95;-86960;48;-886;43;-123;87;-7523;09;3677;30;23512;64;-350;35;-105;11;;;;
329;2020/09/18 16:20:56;;;-7530;;;;;;;;;;;;;;;;;;;;;;3800;-87796;-889;-119;3698;23325;-316;3800;51;-87796;63;-889;40;-119;99;-7530;88;3698;54;23325;17;-316;05;-94;82;;;;
330;2020/09/18 16:21:03;;;-7538;;;;;;;;;;;;;;;;;;;;;;3742;-88632;-886;-116;3719;23137;-281;3742;07;-88632;80;-886;43;-116;11;-7538;66;3719;78;23137;70;-281;75;-84;53;;;;
331;2020/09/18 16:21:17;;;-7554;;;;;;;;;;;;;;;;;;;;;;3625;-90305;-880;-108;3762;22762;-213;3625;19;-90305;12;-880;49;-108;35;-7554;22;3762;25;22762;76;-213;15;-63;95;;;;
332;2020/09/18 16:21:23;;;-7562;;;;;;;;;;;;;;;;;;;;;;3566;-91141;-877;-104;3783;22575;-178;3566;75;-91141;27;-877;52;-104;47;-7562;00;3783;49;22575;29;-178;85;-53;66;;;;
333;2020/09/18 16:21:30;;;-7569;;;;;;;;;;;;;;;;;;;;;;3508;-91977;-874;-100;3804;22387;-144;3508;31;-91977;44;-874;54;-100;59;-7569;78;3804;73;22387;82;-144;55;-43;37;;;;
334;2020/09/18 16:21:37;;;-7577;;;;;;;;;;;;;;;;;;;;;;3566;-92813;-877;-104;3825;22575;-178;3566;75;-92813;59;-877;52;-104;47;-7577;56;3825;97;22575;29;-178;85;-53;66;;;;
335;2020/09/18 16:21:43;;;-7585;;;;;;;;;;;;;;;;;;;;;;3625;-93649;-880;-108;3847;22762;-213;3625;19;-93649;76;-880;49;-108;35;-7585;34;3847;21;22762;76;-213;15;-63;95;;;;
336;2020/09/18 16:21:50;;;-7593;;;;;;;;;;;;;;;;;;;;;;3683;-94485;-883;-112;3868;22950;-247;3683;63;-94485;91;-883;46;-112;23;-7593;12;3868;45;22950;23;-247;45;-74;24;;;;
337;2020/09/18 16:21:57;;;-7600;;;;;;;;;;;;;;;;;;;;;;3742;-95322;-886;-116;3889;23137;-281;3742;07;-95322;07;-886;43;-116;11;-7600;90;3889;69;23137;70;-281;75;-84;53;;;;
338;2020/09/18 16:22:04;;;-7608;;;;;;;;;;;;;;;;;;;;;;3800;-96158;-889;-119;3910;23325;-316;3800;51;-96158;23;-889;40;-119;99;-7608;69;3910;93;23325;17;-316;05;-94;82;;;;
339;2020/09/18 16:22:10;;;-7616;;;;;;;;;;;;;;;;;;;;;;3858;-96994;-886;-123;3932;23512;-350;3858;95;-96994;39;-886;43;-123;87;-7616;47;3932;17;23512;64;-350;35;-105;11;;;;
340;2020/09/18 16:22:17;;;-7624;;;;;;;;;;;;;;;;;;;;;;3917;-97830;-883;-127;3953;23700;-384;3917;39;-97830;55;-883;46;-127;75;-7624;25;3953;41;23700;11;-384;65;-115;40;;;;
341;2020/09/18 16:22:24;;;-7632;;;;;;;;;;;;;;;;;;;;;;3975;-98666;-880;-131;3974;23887;-418;3975;83;-98666;71;-880;49;-131;63;-7632;03;3974;64;23887;58;-418;95;-125;69;;;;
342;2020/09/18 16:22:37;;;-7647;;;;;;;;;;;;;;;;;;;;;;4092;-100339;-874;-139;4017;24262;-487;4092;71;-100339;03;-874;54;-139;39;-7647;59;4017;12;24262;52;-487;55;-146;27;;;;
343;2020/09/18 16:22:44;;;-7655;;;;;;;;;;;;;;;;;;;;;;4151;-99502;-877;-143;4038;24449;-521;4151;15;-99502;88;-877;52;-143;27;-7655;37;4038;36;24449;99;-521;85;-156;56;;;;
344;2020/09/18 16:22:51;;;-7663;;;;;;;;;;;;;;;;;;;;;;4209;-98666;-880;-147;4059;24637;-556;4209;59;-98666;71;-880;49;-147;15;-7663;15;4059;60;24637;46;-556;15;-166;85;;;;
345;2020/09/18 16:22:58;;;-7670;;;;;;;;;;;;;;;;;;;;;;4268;-97830;-883;-151;4080;24824;-590;4268;03;-97830;55;-883;46;-151;03;-7670;93;4080;84;24824;93;-590;45;-177;14;;;;
346;2020/09/18 16:23:04;;;-7678;;;;;;;;;;;;;;;;;;;;;;4326;-96994;-886;-154;4102;25012;-624;4326;47;-96994;39;-886;43;-154;91;-7678;71;4102;08;25012;40;-624;75;-187;43;;;;
347;2020/09/18 16:23:11;;;-7686;;;;;;;;;;;;;;;;;;;;;;4384;-96158;-889;-158;4123;25199;-659;4384;91;-96158;23;-889;40;-158;79;-7686;50;4123;32;25199;87;-659;05;-197;72;;;;
348;2020/09/18 16:23:18;;;-7694;;;;;;;;;;;;;;;;;;;;;;4443;-95322;-886;-162;4144;25387;-693;4443;35;-95322;07;-886;43;-162;67;-7694;28;4144;56;25387;34;-693;35;-208;01;;;;
349;2020/09/18 16:23:24;;;-7702;;;;;;;;;;;;;;;;;;;;;;4501;-94485;-883;-166;4165;25574;-727;4501;79;-94485;91;-883;46;-166;55;-7702;06;4165;80;25574;81;-727;65;-218;30;;;;
350;2020/09/18 16:23:31;;;-7709;;;;;;;;;;;;;;;;;;;;;;4560;-93649;-880;-170;4187;25762;-761;4560;23;-93649;76;-880;49;-170;43;-7709;84;4187;03;25762;28;-761;95;-228;59;;;;
351;2020/09/18 16:23:38;;;-7717;;;;;;;;;;;;;;;;;;;;;;4618;-92813;-877;-174;4208;25949;-796;4618;67;-92813;59;-877;52;-174;31;-7717;62;4208;27;25949;75;-796;25;-238;88;;;;
352;2020/09/18 16:23:45;;;-7725;;;;;;;;;;;;;;;;;;;;;;4677;-91977;-874;-178;4229;26137;-830;4677;11;-91977;44;-874;54;-178;19;-7725;40;4229;51;26137;22;-830;55;-249;17;;;;
353;2020/09/18 16:23:51;;;-7717;;;;;;;;;;;;;;;;;;;;;;4618;-91141;-877;-174;4208;25949;-796;4618;67;-91141;27;-877;52;-174;31;-7717;62;4208;27;25949;75;-796;25;-238;88;;;;
354;2020/09/18 16:23:58;;;-7709;;;;;;;;;;;;;;;;;;;;;;4560;-90305;-880;-170;4187;25762;-761;4560;23;-90305;12;-880;49;-170;43;-7709;84;4187;03;25762;28;-761;95;-228;59;;;;
355;2020/09/18 16:24:05;;;-7702;;;;;;;;;;;;;;;;;;;;;;4501;-89468;-883;-166;4165;25574;-727;4501;79;-89468;95;-883;46;-166;55;-7702;06;4165;80;25574;81;-727;65;-218;30;;;;
356;2020/09/18 16:24:11;;;-7694;;;;;;;;;;;;;;;;;;;;;;4443;-88632;-886;-162;4144;25387;-693;4443;35;-88632;80;-886;43;-162;67;-7694;28;4144;56;25387;34;-693;35;-208;01;;;;
357;2020/09/18 16:24:18;;;-7686;;;;;;;;;;;;;;;;;;;;;;4384;-87796;-889;-158;4123;25199;-659;4384;91;-87796;63;-889;40;-158;79;-7686;50;4123;32;25199;87;-659;05;-197;72;;;;
358;2020/09/18 16:24:25;;;-7678;;;;;;;;;;;;;;;;;;;;;;4326;-86960;-886;-154;4102;25012;-624;4326;47;-86960;48;-886;43;-154;91;-7678;71;4102;08;25012;40;-624;75;-187;43;;;;
359;2020/09/18 16:24:32;;;-7670;;;;;;;;;;;;;;;;;;;;;;4268;-86124;-883;-151;4080;24824;-590;4268;03;-86124;31;-883;46;-151;03;-7670;93;4080;84;24824;93;-590;45;-177;14;;;;
360;2020/09/18 16:24:38;;;-7663;;;;;;;;;;;;;;;;;;;;;;4209;-85288;-880;-147;4059;24637;-556;4209;59;-85288;16;-880;49;-147;15;-7663;15;4059;60;24637;46;-556;15;-166;85;;;;
361;2020/09/18 16:24:41;;;-7663;;;;;;;;;;;;;;;;;;;;;;4209;-85288;-880;-147;4059;24637;-556;4209;59;-85288;16;-880;49;-147;15;-7663;15;4059;60;24637;46;-556;15;-166;85;;;;
362;2020/09/18 16:24:52;;;-7647;;;;;;;;;;;;;;;;;;;;;;4092;-83615;-874;-139;4017;24262;-487;4092;71;-83615;84;-874;54;-139;39;-7647;59;4017;12;24262;52;-487;55;-146;27;;;;
363;2020/09/18 16:25:05;;;-7632;;;;;;;;;;;;;;;;;;;;;;3975;-81943;-880;-131;3974;23887;-418;3975;83;-81943;52;-880;49;-131;63;-7632;03;3974;64;23887;58;-418;95;-125;69;;;;
364;2020/09/18 16:25:12;;;-7624;;;;;;;;;;;;;;;;;;;;;;3917;-81107;-883;-127;3953;23700;-384;3917;39;-81107;35;-883;46;-127;75;-7624;25;3953;41;23700;11;-384;65;-115;40;;;;
365;2020/09/18 16:25:19;;;-7616;;;;;;;;;;;;;;;;;;;;;;3858;-80271;-886;-123;3932;23512;-350;3858;95;-80271;20;-886;43;-123;87;-7616;47;3932;17;23512;64;-350;35;-105;11;;;;
366;2020/09/18 16:25:26;;;-7608;;;;;;;;;;;;;;;;;;;;;;3800;-79435;-889;-119;3910;23325;-316;3800;51;-79435;03;-889;40;-119;99;-7608;69;3910;93;23325;17;-316;05;-94;82;;;;
367;2020/09/18 16:25:32;;;-7600;;;;;;;;;;;;;;;;;;;;;;3742;-78598;-886;-116;3889;23137;-281;3742;07;-78598;88;-886;43;-116;11;-7600;90;3889;69;23137;70;-281;75;-84;53;;;;
368;2020/09/18 16:25:39;;;-7593;;;;;;;;;;;;;;;;;;;;;;3683;-77762;-883;-112;3868;22950;-247;3683;63;-77762;71;-883;46;-112;23;-7593;12;3868;45;22950;23;-247;45;-74;24;;;;
369;2020/09/18 16:25:46;;;-7585;;;;;;;;;;;;;;;;;;;;;;3625;-76926;-880;-108;3847;22762;-213;3625;19;-76926;55;-880;49;-108;35;-7585;34;3847;21;22762;76;-213;15;-63;95;;;;
370;2020/09/18 16:25:52;;;-7577;;;;;;;;;;;;;;;;;;;;;;3566;-76090;-877;-104;3825;22575;-178;3566;75;-76090;39;-877;52;-104;47;-7577;56;3825;97;22575;29;-178;85;-53;66;;;;
371;2020/09/18 16:25:59;;;-7569;;;;;;;;;;;;;;;;;;;;;;3508;-75254;-874;-100;3804;22387;-144;3508;31;-75254;23;-874;54;-100;59;-7569;78;3804;73;22387;82;-144;55;-43;37;;;;
372;2020/09/18 16:26:06;;;-7562;;;;;;;;;;;;;;;;;;;;;;3566;-76090;-877;-104;3783;22575;-178;3566;75;-76090;39;-877;52;-104;47;-7562;00;3783;49;22575;29;-178;85;-53;66;;;;
373;2020/09/18 16:26:13;;;-7554;;;;;;;;;;;;;;;;;;;;;;3625;-76926;-880;-108;3762;22762;-213;3625;19;-76926;55;-880;49;-108;35;-7554;22;3762;25;22762;76;-213;15;-63;95;;;;
374;2020/09/18 16:26:19;;;-7546;;;;;;;;;;;;;;;;;;;;;;3683;-77762;-883;-112;3741;22950;-247;3683;63;-77762;71;-883;46;-112;23;-7546;44;3741;02;22950;23;-247;45;-74;24;;;;
375;2020/09/18 16:26:26;;;-7538;;;;;;;;;;;;;;;;;;;;;;3742;-78598;-886;-116;3719;23137;-281;3742;07;-78598;88;-886;43;-116;11;-7538;66;3719;78;23137;70;-281;75;-84;53;;;;
376;2020/09/18 16:26:33;;;-7530;;;;;;;;;;;;;;;;;;;;;;3800;-79435;-889;-119;3698;23325;-316;3800;51;-79435;03;-889;40;-119;99;-7530;88;3698;54;23325;17;-316;05;-94;82;;;;
377;2020/09/18 16:26:40;;;-7523;;;;;;;;;;;;;;;;;;;;;;3858;-80271;-886;-123;3677;23512;-350;3858;95;-80271;20;-886;43;-123;87;-7523;09;3677;30;23512;64;-350;35;-105;11;;;;
378;2020/09/18 16:26:46;;;-7515;;;;;;;;;;;;;;;;;;;;;;3917;-81107;-883;-127;3656;23700;-384;3917;39;-81107;35;-883;46;-127;75;-7515;31;3656;06;23700;11;-384;65;-115;40;;;;
379;2020/09/18 16:26:53;;;-7507;;;;;;;;;;;;;;;;;;;;;;3975;-81943;-880;-131;3634;23887;-418;3975;83;-81943;52;-880;49;-131;63;-7507;53;3634;82;23887;58;-418;95;-125;69;;;;
380;2020/09/18 16:27:00;;;-7499;;;;;;;;;;;;;;;;;;;;;;4034;-82779;-877;-135;3613;24075;-453;4034;27;-82779;67;-877;52;-135;51;-7499;75;3613;58;24075;05;-453;25;-135;98;;;;
381;2020/09/18 16:27:06;;;-7491;;;;;;;;;;;;;;;;;;;;;;4092;-83615;-874;-139;3592;24262;-487;4092;71;-83615;84;-874;54;-139;39;-7491;97;3592;34;24262;52;-487;55;-146;27;;;;
382;2020/09/18 16:27:13;;;-7484;;;;;;;;;;;;;;;;;;;;;;4151;-84451;-877;-143;3571;24449;-521;4151;15;-84451;99;-877;52;-143;27;-7484;19;3571;10;24449;99;-521;85;-156;56;;;;
383;2020/09/18 16:27:20;;;-7476;;;;;;;;;;;;;;;;;;;;;;4209;-85288;-880;-147;3549;24637;-556;4209;59;-85288;16;-880;49;-147;15;-7476;41;3549;86;24637;46;-556;15;-166;85;;;;
384;2020/09/18 16:27:27;;;-7468;;;;;;;;;;;;;;;;;;;;;;4268;-86124;-883;-151;3528;24824;-590;4268;03;-86124;31;-883;46;-151;03;-7468;63;3528;63;24824;93;-590;45;-177;14;;;;
385;2020/09/18 16:27:33;;;-7460;;;;;;;;;;;;;;;;;;;;;;4326;-86960;-886;-154;3507;25012;-624;4326;47;-86960;48;-886;43;-154;91;-7460;85;3507;39;25012;40;-624;75;-187;43;;;;
386;2020/09/18 16:27:40;;;-7453;;;;;;;;;;;;;;;;;;;;;;4384;-87796;-889;-158;3486;25199;-659;4384;91;-87796;63;-889;40;-158;79;-7453;06;3486;15;25199;87;-659;05;-197;72;;;;
387;2020/09/18 16:27:47;;;-7445;;;;;;;;;;;;;;;;;;;;;;4443;-88632;-886;-162;3464;25387;-693;4443;35;-88632;80;-886;43;-162;67;-7445;28;3464;91;25387;34;-693;35;-208;01;;;;
388;2020/09/18 16:27:53;;;-7437;;;;;;;;;;;;;;;;;;;;;;4501;-89468;-883;-166;3443;25574;-727;4501;79;-89468;95;-883;46;-166;55;-7437;50;3443;67;25574;81;-727;65;-218;30;;;;
389;2020/09/18 16:27:58;;;-7437;;;;;;;;;;;;;;;;;;;;;;4501;-89468;-883;-166;3443;25574;-727;4501;79;-89468;95;-883;46;-166;55;-7437;50;3443;67;25574;81;-727;65;-218;30;;;;
390;2020/09/18 16:28:00;;;-7429;;;;;;;;;;;;;;;;;;;;;;4560;-90305;-880;-170;3422;25762;-761;4560;23;-90305;12;-880;49;-170;43;-7429;72;3422;43;25762;28;-761;95;-228;59;;;;
391;2020/09/18 16:28:07;;;-7421;;;;;;;;;;;;;;;;;;;;;;4618;-91141;-877;-174;3401;25949;-796;4618;67;-91141;27;-877;52;-174;31;-7421;94;3401;19;25949;75;-796;25;-238;88;;;;
392;2020/09/18 16:28:46;;;;;;;;;;;;;;;;;;;;;;;;;7900;;;;;;;;;;;;;;;;;;;;;;;;;;;;
393;2020/09/18 16:29:20;;;;;;;;;;;;;;;;;;;;;;;;;4151;;;;;;;4151;15;;;;;;;;;;;;;;;;;;;;
394;2020/09/18 16:29:21;;;;;;;;;;;;;;;;;;;;;;;;;4092;;;;;;;4092;71;;;;;;;;;;;;;;;;;;;;
395;2020/09/18 16:29:28;;;;;;;;;;;;;;;;;;;;;;;;;4034;;;;;;;4034;27;;;;;;;;;;;;;;;;;;;;
396;2020/09/18 16:29:34;;;;;;;;;;;;;;;;;;;;;;;;;3975;;;;;;;3975;83;;;;;;;;;;;;;;;;;;;;
397;2020/09/18 16:29:41;;;;;;;;;;;;;;;;;;;;;;;;;3917;;;;;;;3917;39;;;;;;;;;;;;;;;;;;;;
398;2020/09/18 16:29:48;;;;;;;;;;;;;;;;;;;;;;;;;3858;;;;;;;3858;95;;;;;;;;;;;;;;;;;;;;
399;2020/09/18 16:29:55;;;;;;;;;;;;;;;;;;;;;;;;;3800;;;;;;;3800;51;;;;;;;;;;;;;;;;;;;;
400;2020/09/18 16:30:01;;;;;;;;;;;;;;;;;;;;;;;;;3742;;;;;;;3742;07;;;;;;;;;;;;;;;;;;;;
401;2020/09/18 16:30:08;;;;;;;;;;;;;;;;;;;;;;;;;3683;;;;;;;3683;63;;;;;;;;;;;;;;;;;;;;
402;2020/09/18 16:30:15;;;;;;;;;;;;;;;;;;;;;;;;;3625;;;;;;;3625;19;;;;;;;;;;;;;;;;;;;;
403;2020/09/18 16:30:21;;;;;;;;;;;;;;;;;;;;;;;;;3566;-92813;;;;;;3566;75;-92813;59;;;;;;;;;;;;;;;;;;
404;2020/09/18 16:30:28;;;;;;;;;;;;;;;;;;;;;;;;;3508;-91977;;;;;;3508;31;-91977;44;;;;;;;;;;;;;;;;;;
405;2020/09/18 16:30:35;;;;;;;;;;;;;;;;;;;;;;;;;3566;-91141;;;;;;3566;75;-91141;27;;;;;;;;;;;;;;;;;;
406;2020/09/18 16:30:42;;;;;;;;;;;;;;;;;;;;;;;;;3625;-90305;;;;;;3625;19;-90305;12;;;;;;;;;;;;;;;;;;
407;2020/09/18 16:30:48;;;;;;;;;;;;;;;;;;;;;;;;;3683;;;;;;;3683;63;;;;;;;;;;;;;;;;;;;;
408;2020/09/18 16:30:55;;;;;;;;;;;;;;;;;;;;;;;;;3742;;;;2870;;;3742;07;;;;;;;;;2870;22;;;;;;;;;;
409;2020/09/18 16:31:02;;;;;;;;;;;;;;;;;;;;;;;;;3800;;;;2848;;;3800;51;;;;;;;;;2848;98;;;;;;;;;;
410;2020/09/18 16:31:09;;;;;;;;;;;;;;;;;;;;;;;;;3858;;;;2827;;;3858;95;;;;;;;;;2827;74;;;;;;;;;;
411;2020/09/18 16:31:15;;;;;;;;;;;;;;;;;;;;;;;;;3917;;;;2806;;;3917;39;;;;;;;;;2806;50;;;;;;;;;;
412;2020/09/18 16:31:22;;;;;;;;;;;;;;;;;;;;;;;;;3975;;;;2785;;;3975;83;;;;;;;;;2785;26;;;;;;;;;;
413;2020/09/18 16:31:29;;;;;;;;;;;;;;;;;;;;;;;;;4034;;;;2764;;;4034;27;;;;;;;;;2764;02;;;;;;;;;;
414;2020/09/18 16:31:35;;;;;;;;;;;;;;;;;;;;;;;;;4092;;;;2742;;;4092;71;;;;;;;;;2742;78;;;;;;;;;;
415;2020/09/18 16:31:42;;;;;;;;;;;;;;;;;;;;;;;;;4151;;;;2721;;;4151;15;;;;;;;;;2721;54;;;;;;;;;;
416;2020/09/18 16:31:49;;;;;;;;;;;;;;;;;;;;;;;;;4209;;;;2700;;;4209;59;;;;;;;;;2700;30;;;;;;;;;;
417;2020/09/18 16:31:56;;;;;;;;;;;;;;;;;;;;;;;;;4268;;;;2679;;;4268;03;;;;;;;;;2679;07;;;;;;;;;;
418;2020/09/18 16:32:02;;;;;;;;;;;;;;;;;;;;;;;;;4326;;;;2657;;;4326;47;;;;;;;;;2657;83;;;;;;;;;;
419;2020/09/18 16:32:16;;;;;;;;;;;;;;;;;;;;;;;;;4443;;;;2615;;;4443;35;;;;;;;;;2615;35;;;;;;;;;;
420;2020/09/18 16:32:23;;;;;;;;;;;;;;;;;;;;;;;;;4501;;;;2594;;;4501;79;;;;;;;;;2594;11;;;;;;;;;;
421;2020/09/18 16:32:29;;;;;;;;;;;;;;;;;;;;;;;;;4560;;;;2572;;;4560;23;;;;;;;;;2572;87;;;;;;;;;;
422;2020/09/18 16:32:36;;;;;;;;;;;;;;;;;;;;;;;;;4618;;;;2551;;;4618;67;;;;;;;;;2551;63;;;;;;;;;;
423;2020/09/18 16:32:43;;;;;;;;;;;;;;;;;;;;;;;;;4677;;;;2530;;;4677;11;;;;;;;;;2530;39;;;;;;;;;;
424;2020/09/18 16:32:49;;;;;;;;;;;;;;;;;;;;;;;;;4618;;;;2509;;;4618;67;;;;;;;;;2509;15;;;;;;;;;;
425;2020/09/18 16:32:56;;;;;;;;;;;;;;;;;;;;;;;;;4560;;;;2487;;;4560;23;;;;;;;;;2487;91;;;;;;;;;;
426;2020/09/18 16:33:03;;;;;;;;;;;;;;;;;;;;;;;;;4501;;;;2466;;;4501;79;;;;;;;;;2466;68;;;;;;;;;;
427;2020/09/18 16:33:10;;;;;;;;;;;;;;;;;;;;;;;;;4443;;;;2445;;;4443;35;;;;;;;;;2445;44;;;;;;;;;;
428;2020/09/18 16:33:16;;;;;;;;;;;;;;;;;;;;;;;;;4384;;;;2424;;;4384;91;;;;;;;;;2424;20;;;;;;;;;;
429;2020/09/18 16:33:23;;;;;;;;;;;;;;;;;;;;;;;;;4326;;;;2402;;;4326;47;;;;;;;;;2402;96;;;;;;;;;;
430;2020/09/18 16:33:30;;;;;;;;;;;;;;;;;;;;;;;;;4268;;;;2381;;;4268;03;;;;;;;;;2381;72;;;;;;;;;;
431;2020/09/18 16:33:37;;;;;;;;;;;;;;;;;;;;;;;;;4209;;;;2360;;;4209;59;;;;;;;;;2360;48;;;;;;;;;;
432;2020/09/18 16:33:43;;;;;;;;;;;;;;;;;;;;;;;;;4151;;;;2339;;;4151;15;;;;;;;;;2339;24;;;;;;;;;;
433;2020/09/18 16:33:50;;;;;;;;;;;;;;;;;;;;;;;;;4092;;;;2318;;;4092;71;;;;;;;;;2318;00;;;;;;;;;;
434;2020/09/18 16:34:03;;;;;;;;;;;;;;;;;;;;;;;;;3975;;;;2275;;;3975;83;;;;;;;;;2275;52;;;;;;;;;;
435;2020/09/18 16:34:10;;;;;;;;;;;;;;;;;;;;;;;;;3917;;;;2254;;;3917;39;;;;;;;;;2254;29;;;;;;;;;;
436;2020/09/18 16:34:17;;;;;;;;;;;;;;;;;;;;;;;;;3858;;;;2233;;;3858;95;;;;;;;;;2233;05;;;;;;;;;;
437;2020/09/18 16:34:24;;;;;;;;;;;;;;;;;;;;;;;;;3800;;;;2211;;;3800;51;;;;;;;;;2211;81;;;;;;;;;;
438;2020/09/18 16:34:30;;;;;;;;;;;;;;;;;;;;;;;;;3742;;;;2190;;;3742;07;;;;;;;;;2190;57;;;;;;;;;;
439;2020/09/18 16:34:37;;;;;;;;;;;;;;;;;;;;;;;;;3683;;;;2169;;;3683;63;;;;;;;;;2169;33;;;;;;;;;;
440;2020/09/18 16:34:44;;;;;;;;;;;;;;;;;;;;;;;;;3625;;;;2148;;;3625;19;;;;;;;;;2148;09;;;;;;;;;;
441;2020/09/18 16:34:57;;;;;;;;;;;;;;;;;;;;;;;;;3508;;;;2105;;;3508;31;;;;;;;;;2105;61;;;;;;;;;;
442;2020/09/18 16:35:11;;;;;;;;;;;;;;;;;;;;;;;;;3625;;;;2148;;;3625;19;;;;;;;;;2148;09;;;;;;;;;;
443;2020/09/18 16:35:17;;;;;;;;;;;;;;;;;;;;;;;;;3683;;;;2169;;;3683;63;;;;;;;;;2169;33;;;;;;;;;;
444;2020/09/18 16:35:24;;;;;;;;;;;;;;;;;;;;;;;;;3742;;;;2190;;;3742;07;;;;;;;;;2190;57;;;;;;;;;;
445;2020/09/18 16:35:31;;;;;;;;;;;;;;;;;;;;;;;;;3800;;;;2211;;;3800;51;;;;;;;;;2211;81;;;;;;;;;;
446;2020/09/18 16:35:38;;;;;;;;;;;;;;;;;;;;;;;;;3858;;;;2233;;;3858;95;;;;;;;;;2233;05;;;;;;;;;;
447;2020/09/18 16:35:44;;;;;;;;;;;;;;;;;;;;;;;;;3917;;;;2254;;;3917;39;;;;;;;;;2254;29;;;;;;;;;;
448;2020/09/18 16:35:51;;;;;;;;;;;;;;;;;;;;;;;;;3975;;;;2275;;;3975;83;;;;;;;;;2275;52;;;;;;;;;;
449;2020/09/18 16:35:58;;;;;;;;;;;;;;;;;;;;;;;;;4034;;;;2296;;;4034;27;;;;;;;;;2296;76;;;;;;;;;;
450;2020/09/18 16:36:04;;;;;;;;;;;;;;;;;;;;;;;;;4092;;;;2318;;;4092;71;;;;;;;;;2318;00;;;;;;;;;;
451;2020/09/18 16:36:18;;;;;;;;;;;;;;;;;;;;;;;;;4209;;;;2360;;;4209;59;;;;;;;;;2360;48;;;;;;;;;;
452;2020/09/18 16:36:25;;;;;;;;;;;;;;;;;;;;;;;;;4268;;;;2381;;;4268;03;;;;;;;;;2381;72;;;;;;;;;;
453;2020/09/18 16:36:31;;;;;;;;;;;;;;;;;;;;;;;;;4326;;;;2402;;;4326;47;;;;;;;;;2402;96;;;;;;;;;;
454;2020/09/18 16:36:38;;;;;;;;;;;;;;;;;;;;;;;;;4384;;;;2424;;;4384;91;;;;;;;;;2424;20;;;;;;;;;;
455;2020/09/18 16:36:45;;;;;;;;;;;;;;;;;;;;;;;;;4443;;;;2445;;;4443;35;;;;;;;;;2445;44;;;;;;;;;;
456;2020/09/18 16:36:51;;;;;;;;;;;;;;;;;;;;;;;;;4501;;;;2466;;;4501;79;;;;;;;;;2466;68;;;;;;;;;;
457;2020/09/18 16:36:58;;;;;;;;;;;;;;;;;;;;;;;;;4560;;;;2487;;;4560;23;;;;;;;;;2487;91;;;;;;;;;;
458;2020/09/18 16:37:05;;;;;;;;;;;;;;;;;;;;;;;;;4618;;;;2509;;;4618;67;;;;;;;;;2509;15;;;;;;;;;;
459;2020/09/18 16:37:12;;;;;;;;;;;;;;;;;;;;;;;;;4677;;;;2530;;;4677;11;;;;;;;;;2530;39;;;;;;;;;;
460;2020/09/18 16:37:19;;;;;;;;;;;;;;;;;;;;;;;;;4618;;;;2551;;;4618;67;;;;;;;;;2551;63;;;;;;;;;;
461;2020/09/18 16:37:25;;;;;;;;;;;;;;;;;;;;;;;;;4560;;;;2572;;;4560;23;;;;;;;;;2572;87;;;;;;;;;;
462;2020/09/18 16:37:32;;;;;;;;;;;;;;;;;;;;;;;;;4501;;;;2594;;;4501;79;;;;;;;;;2594;11;;;;;;;;;;
463;2020/09/18 16:37:39;;;;;;;;;;;;;;;;;;;;;;;;;4443;;;;2615;25387;;4443;35;;;;;;;;;2615;35;25387;34;;;;;;;;
464;2020/09/18 16:37:45;;;;;;;;;;;;;;;;;;;;;;;;;4384;;;;2636;25199;;4384;91;;;;;;;;;2636;59;25199;87;;;;;;;;
465;2020/09/18 16:37:52;;;;;;;;;;;;;;;;;;;;;;;;;4326;;;;2657;25012;;4326;47;;;;;;;;;2657;83;25012;40;;;;;;;;
466;2020/09/18 16:37:59;;;;;;;;;;;;;;;;;;;;;;;;;4268;;;;2679;24824;;4268;03;;;;;;;;;2679;07;24824;93;;;;;;;;
467;2020/09/18 16:38:05;;;;;;;;;;;;;;;;;;;;;;;;;4209;;;;2700;24637;;4209;59;;;;;;;;;2700;30;24637;46;;;;;;;;
468;2020/09/18 16:38:12;;;;;;;;;;;;;;;;;;;;;;;;;4151;;;;2721;24449;;4151;15;;;;;;;;;2721;54;24449;99;;;;;;;;
469;2020/09/18 16:38:19;;;;;;;;;;;;;;;;;;;;;;;;;4092;;;;2742;24262;;4092;71;;;;;;;;;2742;78;24262;52;;;;;;;;
470;2020/09/18 16:38:26;;;;;;;;;;;;;;;;;;;;;;;;;4034;;;;2764;24075;;4034;27;;;;;;;;;2764;02;24075;05;;;;;;;;
471;2020/09/18 16:38:32;;;;;;;;;;;;;;;;;;;;;;;;;3975;;;;2785;23887;;3975;83;;;;;;;;;2785;26;23887;58;;;;;;;;
472;2020/09/18 16:38:39;;;;;;;;;;;;;;;;;;;;;;;;;3917;;;;2806;23700;;3917;39;;;;;;;;;2806;50;23700;11;;;;;;;;
473;2020/09/18 16:38:46;;;;;;;;;;;;;;;;;;;;;;;;;3858;;;;2827;23512;;3858;95;;;;;;;;;2827;74;23512;64;;;;;;;;
474;2020/09/18 16:38:53;;;;;;;;;;;;;;;;;;;;;;;;;3800;;;;2848;23325;;3800;51;;;;;;;;;2848;98;23325;17;;;;;;;;
475;2020/09/18 16:38:59;;;;;;;;;;;;;;;;;;;;;;;;;3742;;;;2870;23137;;3742;07;;;;;;;;;2870;22;23137;70;;;;;;;;
476;2020/09/18 16:39:06;;;;;;;;;;;;;;;;;;;;;;;;;3683;;;;2891;22950;;3683;63;;;;;;;;;2891;46;22950;23;;;;;;;;
477;2020/09/18 16:39:13;;;;;;;;;;;;;;;;;;;;;;;;;3625;;;;2912;22762;;3625;19;;;;;;;;;2912;69;22762;76;;;;;;;;
478;2020/09/18 16:39:19;;;;;;;;;;;;;;;;;;;;;;;;;3566;;;;2933;22575;;3566;75;;;;;;;;;2933;93;22575;29;;;;;;;;
479;2020/09/18 16:39:26;;;;;;;;;;;;;;;;;;;;;;;;;3508;;;;2955;22387;;3508;31;;;;;;;;;2955;17;22387;82;;;;;;;;
480;2020/09/18 16:39:33;;;;;;;;;;;;;;;;;;;;;;;;;3566;;;;2976;22575;;3566;75;;;;;;;;;2976;41;22575;29;;;;;;;;
481;2020/09/18 16:39:40;;;;;;;;;;;;;;;;;;;;;;;;;3625;;;;2997;22762;;3625;19;;;;;;;;;2997;65;22762;76;;;;;;;;
482;2020/09/18 16:39:46;;;;;;;;;;;;;;;;;;;;;;;;;3683;;;;3018;22950;;3683;63;;;;;;;;;3018;89;22950;23;;;;;;;;
483;2020/09/18 16:39:53;;;;;;;;;;;;;;;;;;;;;;;;;3742;;;;3040;23137;;3742;07;;;;;;;;;3040;13;23137;70;;;;;;;;
484;2020/09/18 16:40:00;;;;;;;;;;;;;;;;;;;;;;;;;3800;;;;3061;23325;;3800;51;;;;;;;;;3061;37;23325;17;;;;;;;;
485;2020/09/18 16:40:06;;;;;;;;;;;;;;;;;;;;;;;;;3858;;;;3082;23512;;3858;95;;;;;;;;;3082;61;23512;64;;;;;;;;
486;2020/09/18 16:40:20;;;;;;;;;;;;;;;;;;;;;;;;;3975;;;;3125;23887;;3975;83;;;;;;;;;3125;08;23887;58;;;;;;;;
487;2020/09/18 16:40:27;;;;;;;;;;;;;;;;;;;;;;;;;4034;;;;3146;24075;;4034;27;;;;;;;;;3146;32;24075;05;;;;;;;;
488;2020/09/18 16:40:33;;;;;;;;;;;;;;;;;;;;;;;;;4092;;;;3167;24262;;4092;71;;;;;;;;;3167;56;24262;52;;;;;;;;
489;2020/09/18 16:40:40;;;;;;;;;;;;;;;;;;;;;;;;;4151;;;;3188;24449;;4151;15;;;;;;;;;3188;80;24449;99;;;;;;;;
490;2020/09/18 16:40:47;;;;;;;;;;;;;;;;;;;;;;;;;4209;;;;3210;24637;;4209;59;;;;;;;;;3210;04;24637;46;;;;;;;;
491;2020/09/18 16:40:54;;;;;;;;;;;;;;;;;;;;;;;;;4268;;;;3231;24824;;4268;03;;;;;;;;;3231;28;24824;93;;;;;;;;
492;2020/09/18 16:41:00;;;;;;;;;;;;;;;;;;;;;;;;;4326;;;;3252;25012;;4326;47;;;;;;;;;3252;52;25012;40;;;;;;;;
493;2020/09/18 16:41:07;;;;;;;;;;;;;;;;;;;;;;;;;4384;;;;3273;25199;;4384;91;;;;;;;;;3273;76;25199;87;;;;;;;;
494;2020/09/18 16:41:14;;;;;;;;;;;;;;;;;;;;;;;;;4443;;;;3295;25387;;4443;35;;;;;;;;;3295;00;25387;34;;;;;;;;
495;2020/09/18 16:41:20;;;;;;;;;;;;;;;;;;;;;;;;;4501;;;;3316;25574;;4501;79;;;;;;;;;3316;24;25574;81;;;;;;;;
496;2020/09/18 16:41:27;;;;;;;;;;;;;;;;;;;;;;;;;4560;;;;3337;25762;;4560;23;;;;;;;;;3337;47;25762;28;;;;;;;;
497;2020/09/18 16:41:34;;;;;;;;;;;;;;;;;;;;;;;;;4618;;;;3358;25949;;4618;67;;;;;;;;;3358;71;25949;75;;;;;;;;
498;2020/09/18 16:41:41;;;;;;;;;;;;;;;;;;;;;;;;;4677;;;;3379;26137;;4677;11;;;;;;;;;3379;95;26137;22;;;;;;;;
499;2020/09/18 16:41:47;;;;;;;;;;;;;;;;;;;;;;;;;4618;;;;3401;25949;;4618;67;;;;;;;;;3401;19;25949;75;;;;;;;;
500;2020/09/18 16:41:54;;;;;;;;;;;;;;;;;;;;;;;;;4560;;;;3422;25762;;4560;23;;;;;;;;;3422;43;25762;28;;;;;;;;
501;2020/09/18 16:42:01;;;;;;;;;;;;;;;;;;;;;;;;;4501;;;;3443;25574;;4501;79;;;;;;;;;3443;67;25574;81;;;;;;;;
502;2020/09/18 16:42:08;;;;;;;;;;;;;;;;;;;;;;;;;4443;;;;3464;25387;;4443;35;;;;;;;;;3464;91;25387;34;;;;;;;;
503;2020/09/18 16:42:14;;;;;;;;;;;;;;;;;;;;;;;;;4384;;;;3486;25199;;4384;91;;;;;;;;;3486;15;25199;87;;;;;;;;
504;2020/09/18 16:42:21;;;;;;;;;;;;;;;;;;;;;;;;;4326;;;;3507;25012;;4326;47;;;;;;;;;3507;39;25012;40;;;;;;;;
505;2020/09/18 16:42:28;;;;;;;;;;;;;;;;;;;;;;;;;4268;;;;3528;24824;;4268;03;;;;;;;;;3528;63;24824;93;;;;;;;;
506;2020/09/18 16:42:34;;;;;;;;;;;;;;;;;;;;;;;;;4209;;;;3549;24637;;4209;59;;;;;;;;;3549;86;24637;46;;;;;;;;
507;2020/09/18 16:42:41;;;;;;;;;;;;;;;;;;;;;;;;;4151;;;;3571;24449;;4151;15;;;;;;;;;3571;10;24449;99;;;;;;;;
508;2020/09/18 16:42:48;;;;;;;;;;;;;;;;;;;;;;;;;4092;;;;3592;24262;;4092;71;;;;;;;;;3592;34;24262;52;;;;;;;;
509;2020/09/18 16:42:55;;;;;;;;;;;;;;;;;;;;;;;;;4034;;;;3613;24075;;4034;27;;;;;;;;;3613;58;24075;05;;;;;;;;
510;2020/09/18 16:43:01;;;;;;;;;;;;;;;;;;;;;;;;;3975;;;;3634;23887;;3975;83;;;;;;;;;3634;82;23887;58;;;;;;;;
511;2020/09/18 16:43:08;;;;;;;;;;;;;;;;;;;;;;;;;3917;;;;3656;23700;;3917;39;;;;;;;;;3656;06;23700;11;;;;;;;;
512;2020/09/18 16:43:15;;;;;;;;;;;;;;;;;;;;;;;;;3858;;;;3677;23512;;3858;95;;;;;;;;;3677;30;23512;64;;;;;;;;
513;2020/09/18 16:43:21;;;;;;;;;;;;;;;;;;;;;;;;;3800;;;;3698;23325;;3800;51;;;;;;;;;3698;54;23325;17;;;;;;;;
514;2020/09/18 16:43:28;;;;;;;;;;;;;;;;;;;;;;;;;3742;;;;3719;23137;;3742;07;;;;;;;;;3719;78;23137;70;;;;;;;;
515;2020/09/18 16:43:35;;;;;;;;;;;;;;;;;;;;;;;;;3683;;;;3741;22950;;3683;63;;;;;;;;;3741;02;22950;23;;;;;;;;
516;2020/09/18 16:43:42;;;;;;;;;;;;;;;;;;;;;;;;;3625;;;;3762;22762;;3625;19;;;;;;;;;3762;25;22762;76;;;;;;;;
517;2020/09/18 16:43:48;;;;;;;;;;;;;;;;;;;;;;;;;3566;;;;3783;22575;;3566;75;;;;;;;;;3783;49;22575;29;;;;;;;;
518;2020/09/18 16:43:55;;;;;;;;;;;;;;;;;;;;;;;;;3508;;;;3804;22387;;3508;31;;;;;;;;;3804;73;22387;82;;;;;;;;
519;2020/09/18 16:44:02;;;;;;;;;;;;;;;;;;;;;;;;;3566;;;;3825;22575;;3566;75;;;;;;;;;3825;97;22575;29;;;;;;;;
520;2020/09/18 16:44:09;;;;;;;;;;;;;;;;;;;;;;;;;3625;;;;3847;22762;;3625;19;;;;;;;;;3847;21;22762;76;;;;;;;;
521;2020/09/18 16:44:15;;;;;;;;;;;;;;;;;;;;;;;;;3683;;;;3868;22950;;3683;63;;;;;;;;;3868;45;22950;23;;;;;;;;
522;2020/09/18 16:44:22;;;;;;;;;;;;;;;;;;;;;;;;;3742;;;;3889;23137;;3742;07;;;;;;;;;3889;69;23137;70;;;;;;;;
523;2020/09/18 16:44:29;;;;;;;;;;;;;;;;;;;;;;;;;3800;;;;3910;23325;;3800;51;;;;;;;;;3910;93;23325;17;;;;;;;;
524;2020/09/18 16:44:35;;;;;;;;;;;;;;;;;;;;;;;;;3858;;;;3932;23512;;3858;95;;;;;;;;;3932;17;23512;64;;;;;;;;
525;2020/09/18 16:44:42;;;;;;;;;;;;;;;;;;;;;;;;;3917;;;;3953;23700;;3917;39;;;;;;;;;3953;41;23700;11;;;;;;;;
526;2020/09/18 16:44:49;;;;;;;;;;;;;;;;;;;;;;;;;3975;;;;3974;23887;;3975;83;;;;;;;;;3974;64;23887;58;;;;;;;;
527;2020/09/18 16:44:56;;;;;;;;;;;;;;;;;;;;;;;;;4034;;;;3995;24075;;4034;27;;;;;;;;;3995;88;24075;05;;;;;;;;
528;2020/09/18 16:45:02;;;;;;;;;;;;;;;;;;;;;;;;;4092;;;;4017;24262;;4092;71;;;;;;;;;4017;12;24262;52;;;;;;;;
529;2020/09/18 16:45:09;;;;;;;;;;;;;;;;;;;;;;;;;4151;;;;4038;24449;;4151;15;;;;;;;;;4038;36;24449;99;;;;;;;;
530;2020/09/18 16:45:16;;;;;;;;;;;;;;;;;;;;;;;;;4209;;;;4059;24637;;4209;59;;;;;;;;;4059;60;24637;46;;;;;;;;
531;2020/09/18 16:45:23;;;;;;;;;;;;;;;;;;;;;;;;;4268;;;;4080;24824;;4268;03;;;;;;;;;4080;84;24824;93;;;;;;;;
532;2020/09/18 16:45:29;;;;;;;;;;;;;;;;;;;;;;;;;4326;;;;4102;25012;;4326;47;;;;;;;;;4102;08;25012;40;;;;;;;;
533;2020/09/18 16:47:26;;;;;;;;;;;;;;;;;;;;;;;;;3508;;;;2105;22387;;3508;31;;;;;;;;;2105;61;22387;82;;;;;;;;
534;2020/09/18 16:47:30;;;;;;;;;;;;;;;;;;;;;;;;;3566;;;;2126;22575;;3566;75;;;;;;;;;2126;85;22575;29;;;;;;;;
535;2020/09/18 16:47:37;;;;;;;;;;;;;;;;;;;;;;;;;3625;;;;2148;22762;;3625;19;;;;;;;;;2148;09;22762;76;;;;;;;;
536;2020/09/18 16:47:44;;;;;;;;;;;;;;;;;;;;;;;;;3683;;;;2169;22950;;3683;63;;;;;;;;;2169;33;22950;23;;;;;;;;
537;2020/09/18 16:47:50;;;;;;;;;;;;;;;;;;;;;;;;;3742;;;;2190;23137;;3742;07;;;;;;;;;2190;57;23137;70;;;;;;;;
538;2020/09/18 16:47:57;;;;;;;;;;;;;;;;;;;;;;;;;3800;;;;2211;23325;;3800;51;;;;;;;;;2211;81;23325;17;;;;;;;;
539;2020/09/18 16:48:04;;;;;;;;;;;;;;;;;;;;;;;;;3858;;;;2233;23512;;3858;95;;;;;;;;;2233;05;23512;64;;;;;;;;
540;2020/09/18 16:53:42;;;;;;;;;;;;;;;;;;;;;;;;;3508;;;;2105;22387;;3508;31;;;;;;;;;2105;61;22387;82;;;;;;;;
541;2020/09/18 16:54:15;;;;;;;;;;;;;;;;;;;;;;;;;3625;;;;2148;22762;;3625;19;;;;;;;;;2148;09;22762;76;;;;;;;;
542;2020/09/18 16:55:48;;;;;;;;;;;;;;;;;;;;;;;;;3917;;;;2254;23700;;3917;39;;;;;;;;;2254;29;23700;11;;;;;;;;
543;2020/09/18 16:56:06;;;;;;;;;;;;;;;;;;;;;;;;;3975;;;;2275;23887;;3975;83;;;;;;;;;2275;52;23887;58;;;;;;;;
544;2020/09/18 16:56:25;;;;;;;;;;;;;;;;;;;;;;;;;4034;;;;2296;24075;;4034;27;;;;;;;;;2296;76;24075;05;;;;;;;;
545;2020/09/18 16:56:43;;;;;;;;;;;;;;;;;;;;;;;;;4092;;;;2318;24262;;4092;71;;;;;;;;;2318;00;24262;52;;;;;;;;
546;2020/09/18 16:57:01;;;;;;;;;;;;;;;;;;;;;;;;;4151;;;;2339;24449;;4151;15;;;;;;;;;2339;24;24449;99;;;;;;;;
547;2020/09/18 16:57:20;;;;;;;;;;;;;;;;;;;;;;;;;4209;;;;2360;24637;;4209;59;;;;;;;;;2360;48;24637;46;;;;;;;;
548;2020/09/18 16:57:38;;;;;;;;;;;;;;;;;;;;;;;;;4268;;;;2381;24824;;4268;03;;;;;;;;;2381;72;24824;93;;;;;;;;
549;2020/09/18 16:57:56;;;;;;;;;;;;;;;;;;;;;;;;;4326;;;;2402;25012;;4326;47;;;;;;;;;2402;96;25012;40;;;;;;;;
550;2020/09/18 16:58:15;;;;;;;;;;;;;;;;;;;;;;;;;4384;;;;2424;25199;;4384;91;;;;;;;;;2424;20;25199;87;;;;;;;;
551;2020/09/18 16:58:33;;;;;;;;;;;;;;;;;;;;;;;;;4443;;;;2445;25387;;4443;35;;;;;;;;;2445;44;25387;34;;;;;;;;
552;2020/09/18 16:58:51;;;;;;;;;;;;;;;;;;;;;;;;;4501;;;;2466;25574;;4501;79;;;;;;;;;2466;68;25574;81;;;;;;;;
553;2020/09/18 16:59:10;;;;;;;;;;;;;;;;;;;;;;;;;4560;;;;2487;25762;;4560;23;;;;;;;;;2487;91;25762;28;;;;;;;;
554;2020/09/18 16:59:28;;;;;;;;;;;;;;;;;;;;;;;;;4618;;;;2509;25949;;4618;67;;;;;;;;;2509;15;25949;75;;;;;;;;
555;2020/09/18 16:59:47;;;;;;;;;;;;;;;;;;;;;;;;;4677;;;;2530;26137;;4677;11;;;;;;;;;2530;39;26137;22;;;;;;;;
556;2020/09/18 17:00:05;;;;;;;;;;;;;;;;;;;;;;;;;4618;;;;2551;25949;;4618;67;;;;;;;;;2551;63;25949;75;;;;;;;;
557;2020/09/18 17:00:23;;;;;;;;;;;;;;;;;;;;;;;;;4560;;;;2572;25762;;4560;23;;;;;;;;;2572;87;25762;28;;;;;;;;
558;2020/09/18 17:01:00;;;;;;;;;;;;;;;;;;;;;;;;;4443;;;;2615;25387;;4443;35;;;;;;;;;2615;35;25387;34;;;;;;;;
559;2020/09/18 17:01:18;;;;;;;;;;;;;;;;;;;;;;;;;4384;;;;2636;25199;;4384;91;;;;;;;;;2636;59;25199;87;;;;;;;;
560;2020/09/18 17:01:36;;;;;;;;;;;;;;;;;;;;;;;;;4326;;;;2657;25012;;4326;47;;;;;;;;;2657;83;25012;40;;;;;;;;
561;2020/09/18 17:01:55;;;;;;;;;;;;;;;;;;;;;;;;;4268;;;;2679;24824;;4268;03;;;;;;;;;2679;07;24824;93;;;;;;;;
562;2020/09/18 17:02:13;;;;;;;;;;;;;;;;;;;;;;;;;4209;;;;2700;24637;;4209;59;;;;;;;;;2700;30;24637;46;;;;;;;;
563;2020/09/18 17:02:31;;;;;;;;;;;;;;;;;;;;;;;;;4151;;;;2721;24449;;4151;15;;;;;;;;;2721;54;24449;99;;;;;;;;
564;2020/09/18 17:02:50;;;;;;;;;;;;;;;;;;;;;;;;;4092;;;;2742;24262;;4092;71;;;;;;;;;2742;78;24262;52;;;;;;;;
565;2020/09/18 17:03:26;;;;;;;;;;;;;;;;;;;;;;;;;3975;;;;2785;23887;;3975;83;;;;;;;;;2785;26;23887;58;;;;;;;;
566;2020/09/18 17:03:45;;;;;;;;;;;;;;;;;;;;;;;;;3917;;;;2806;23700;;3917;39;;;;;;;;;2806;50;23700;11;;;;;;;;
567;2020/09/18 17:04:03;;;;;;;;;;;;;;;;;;;;;;;;;3858;;;;2827;23512;;3858;95;;;;;;;;;2827;74;23512;64;;;;;;;;
568;2020/09/18 17:04:21;;;;;;;;;;;;;;;;;;;;;;;;;3800;;;;2848;23325;;3800;51;;;;;;;;;2848;98;23325;17;;;;;;;;
569;2020/09/18 17:04:40;;;;;;;;;;;;;;;;;;;;;;;;;3742;;;;2870;23137;;3742;07;;;;;;;;;2870;22;23137;70;;;;;;;;
570;2020/09/18 17:04:58;;;;;;;;;;;;;;;;;;;;;;;;;3683;;;;2891;22950;;3683;63;;;;;;;;;2891;46;22950;23;;;;;;;;
571;2020/09/18 17:05:16;;;;;;;;;;;;;;;;;;;;;;;;;3625;;;;2912;22762;;3625;19;;;;;;;;;2912;69;22762;76;;;;;;;;
572;2020/09/18 17:05:35;;;;;;;;;;;;;;;;;;;;;;;;;3566;;;;2933;22575;;3566;75;;;;;;;;;2933;93;22575;29;;;;;;;;
573;2020/09/18 17:05:53;;;;;;;;;;;;;;;;;;;;;;;;;3508;;;;2955;22387;;3508;31;;;;;;;;;2955;17;22387;82;;;;;;;;
574;2020/09/18 17:06:11;;;;;;;;;;;;;;;;;;;;;;;;;3566;;;;2976;22575;;3566;75;;;;;;;;;2976;41;22575;29;;;;;;;;
575;2020/09/18 17:06:30;;;;;;;;;;;;;;;;;;;;;;;;;3625;;;;2997;22762;;3625;19;;;;;;;;;2997;65;22762;76;;;;;;;;
576;2020/09/18 17:06:48;;;;;;;;;;;;;;;;;;;;;;;;;3683;;;;3018;22950;;3683;63;;;;;;;;;3018;89;22950;23;;;;;;;;
577;2020/09/18 17:07:06;;;;;;;;;;;;;;;;;;;;;;;;;3742;;;;3040;23137;;3742;07;;;;;;;;;3040;13;23137;70;;;;;;;;
578;2020/09/18 17:07:25;;;;;;;;;;;;;;;;;;;;;;;;;3800;;;;3061;23325;;3800;51;;;;;;;;;3061;37;23325;17;;;;;;;;
579;2020/09/18 17:07:43;;;;;;;;;;;;;;;;;;;;;;;;;3858;;;;3082;23512;;3858;95;;;;;;;;;3082;61;23512;64;;;;;;;;
580;2020/09/18 17:08:01;;;;;;;;;;;;;;;;;;;;;;;;;3917;;;;3103;23700;;3917;39;;;;;;;;;3103;85;23700;11;;;;;;;;
581;2020/09/18 17:08:20;;;;;;;;;;;;;;;;;;;;;;;;;3975;;;;3125;23887;;3975;83;;;;;;;;;3125;08;23887;58;;;;;;;;
582;2020/09/18 17:08:38;;;;;;;;;;;;;;;;;;;;;;;;;4034;;;;3146;24075;;4034;27;;;;;;;;;3146;32;24075;05;;;;;;;;
583;2020/09/18 17:08:56;;;;;;;;;;;;;;;;;;;;;;;;;4092;;;;3167;24262;;4092;71;;;;;;;;;3167;56;24262;52;;;;;;;;
584;2020/09/18 17:09:33;;;;;;;;;;;;;;;;;;;;;;;;;4209;;;;3210;24637;;4209;59;;;;;;;;;3210;04;24637;46;;;;;;;;
585;2020/09/18 17:09:51;;;;;;;;;;;;;;;;;;;;;;;;;4268;;;;3231;24824;;4268;03;;;;;;;;;3231;28;24824;93;;;;;;;;
586;2020/09/18 17:10:09;;;;;;;;;;;;;;;;;;;;;;;;;4326;;;;3252;25012;;4326;47;;;;;;;;;3252;52;25012;40;;;;;;;;
587;2020/09/18 17:10:28;;;;;;;;;;;;;;;;;;;;;;;;;4384;;;;3273;25199;;4384;91;;;;;;;;;3273;76;25199;87;;;;;;;;
588;2020/09/18 17:10:46;;;;;;;;;;;;;;;;;;;;;;;;;4443;;;;3295;25387;;4443;35;;;;;;;;;3295;00;25387;34;;;;;;;;
589;2020/09/18 17:11:23;;;;;;;;;;;;;;;;;;;;;;;;;4560;;;;3337;25762;;4560;23;;;;;;;;;3337;47;25762;28;;;;;;;;
590;2020/09/18 17:11:41;;;;;;;;;;;;;;;;;;;;;;;;;4618;;;;3358;25949;;4618;67;;;;;;;;;3358;71;25949;75;;;;;;;;
591;2020/09/18 17:11:59;;;;;;;;;;;;;;;;;;;;;;;;;4677;;;;3379;26137;;4677;11;;;;;;;;;3379;95;26137;22;;;;;;;;
592;2020/09/18 17:12:18;;;;;;;;;;;;;;;;;;;;;;;;;4618;;;;3401;25949;;4618;67;;;;;;;;;3401;19;25949;75;;;;;;;;
593;2020/09/18 17:12:36;;;;;;;;;;;;;;;;;;;;;;;;;4560;;;;3422;25762;;4560;23;;;;;;;;;3422;43;25762;28;;;;;;;;
594;2020/09/18 17:12:54;;;;;;;;;;;;;;;;;;;;;;;;;4501;;;;3443;25574;;4501;79;;;;;;;;;3443;67;25574;81;;;;;;;;
595;2020/09/18 17:13:13;;;;;;;;;;;;;;;;;;;;;;;;;4443;;;;3464;25387;;4443;35;;;;;;;;;3464;91;25387;34;;;;;;;;
596;2020/09/18 17:13:31;;;;;;;;;;;;;;;;;;;;;;;;;4384;;;;3486;25199;;4384;91;;;;;;;;;3486;15;25199;87;;;;;;;;
597;2020/09/18 17:13:49;;;;;;;;;;;;;;;;;;;;;;;;;4326;;;;3507;25012;;4326;47;;;;;;;;;3507;39;25012;40;;;;;;;;
598;2020/09/18 17:14:08;;;;;;;;;;;;;;;;;;;;;;;;;4268;;;;3528;24824;;4268;03;;;;;;;;;3528;63;24824;93;;;;;;;;
599;2020/09/18 17:14:26;;;;;;;;;;;;;;;;;;;;;;;;;4209;;;;3549;24637;;4209;59;;;;;;;;;3549;86;24637;46;;;;;;;;
600;2020/09/18 17:14:44;;;;;;;;;;;;;;;;;;;;;;;;;4151;;;;3571;24449;;4151;15;;;;;;;;;3571;10;24449;99;;;;;;;;
601;2020/09/18 17:15:03;;;;;;;;;;;;;;;;;;;;;;;;;4092;;;;3592;24262;;4092;71;;;;;;;;;3592;34;24262;52;;;;;;;;
602;2020/09/18 17:15:39;;;;;;;;;;;;;;;;;;;;;;;;;3975;;;;3634;23887;;3975;83;;;;;;;;;3634;82;23887;58;;;;;;;;
603;2020/09/18 17:15:58;;;;;;;;;;;;;;;;;;;;;;;;;3917;;;;3656;23700;;3917;39;;;;;;;;;3656;06;23700;11;;;;;;;;
604;2020/09/18 17:16:16;;;;;;;;;;;;;;;;;;;;;;;;;3858;;;;3677;23512;;3858;95;;;;;;;;;3677;30;23512;64;;;;;;;;
605;2020/09/18 17:16:34;;;;;;;;;;;;;;;;;;;;;;;;;3800;;;;3698;23325;;3800;51;;;;;;;;;3698;54;23325;17;;;;;;;;
606;2020/09/18 17:16:52;;;;;;;;;;;;;;;;;;;;;;;;;3742;;;;3719;23137;;3742;07;;;;;;;;;3719;78;23137;70;;;;;;;;
607;2020/09/18 17:17:11;;;;;;;;;;;;;;;;;;;;;;;;;3683;;;;3741;22950;;3683;63;;;;;;;;;3741;02;22950;23;;;;;;;;
608;2020/09/18 17:17:29;;;;;;;;;;;;;;;;;;;;;;;;;3625;;;;3762;22762;;3625;19;;;;;;;;;3762;25;22762;76;;;;;;;;
609;2020/09/18 17:17:47;;;;;;;;;;;;;;;;;;;;;;;;;3566;;;;3783;22575;;3566;75;;;;;;;;;3783;49;22575;29;;;;;;;;
610;2020/09/18 17:18:06;;;;;;;;;;;;;;;;;;;;;;;;;3508;;;;3804;22387;;3508;31;;;;;;;;;3804;73;22387;82;;;;;;;;
611;2020/09/18 17:18:24;;;;;;;;;;;;;;;;;;;;;;;;;3566;;;;3825;22575;;3566;75;;;;;;;;;3825;97;22575;29;;;;;;;;
612;2020/09/18 17:18:42;;;;;;;;;;;;;;;;;;;;;;;;;3625;;;;3847;22762;;3625;19;;;;;;;;;3847;21;22762;76;;;;;;;;
613;2020/09/18 17:19:01;;;;;;;;;;;;;;;;;;;;;;;;;3683;;;;3868;22950;;3683;63;;;;;;;;;3868;45;22950;23;;;;;;;;
614;2020/09/18 17:19:19;;;;;;;;;;;;;;;;;;;;;;;;;3742;;;;3889;23137;;3742;07;;;;;;;;;3889;69;23137;70;;;;;;;;
615;2020/09/18 17:19:37;;;;;;;;;;;;;;;;;;;;;;;;;3800;;;;3910;23325;;3800;51;;;;;;;;;3910;93;23325;17;;;;;;;;
616;2020/09/18 17:19:56;;;;;;;;;;;;;;;;;;;;;;;;;3858;;;;3932;23512;;3858;95;;;;;;;;;3932;17;23512;64;;;;;;;;
617;2020/09/18 17:20:14;;;;;;;;;;;;;;;;;;;;;;;;;3917;;;;3953;23700;;3917;39;;;;;;;;;3953;41;23700;11;;;;;;;;
618;2020/09/18 17:20:32;;;;;;;;;;;;;;;;;;;;;;;;;3975;;;;3974;23887;;3975;83;;;;;;;;;3974;64;23887;58;;;;;;;;
619;2020/09/18 17:20:51;;;;;;;;;;;;;;;;;;;;;;;;;4034;;;;3995;24075;;4034;27;;;;;;;;;3995;88;24075;05;;;;;;;;
620;2020/09/18 17:21:09;;;;;;;;;;;;;;;;;;;;;;;;;4092;;;;4017;24262;;4092;71;;;;;;;;;4017;12;24262;52;;;;;;;;
621;2020/09/18 17:21:27;;;;;;;;;;;;;;;;;;;;;;;;;4151;;;;4038;24449;;4151;15;;;;;;;;;4038;36;24449;99;;;;;;;;
622;2020/09/18 17:21:45;;;;;;;;;;;;;;;;;;;;;;;;;4209;;;;4059;24637;;4209;59;;;;;;;;;4059;60;24637;46;;;;;;;;
623;2020/09/18 17:22:04;;;;;;;;;;;;;;;;;;;;;;;;;4268;;;;4080;24824;;4268;03;;;;;;;;;4080;84;24824;93;;;;;;;;
624;2020/09/18 17:22:22;;;;;;;;;;;;;;;;;;;;;;;;;4326;;;;4102;25012;;4326;47;;;;;;;;;4102;08;25012;40;;;;;;;;
625;2020/09/18 17:22:40;;;;;;;;;;;;;;;;;;;;;;;;;4384;;;;4123;25199;;4384;91;;;;;;;;;4123;32;25199;87;;;;;;;;
626;2020/09/18 17:22:59;;;;;;;;;;;;;;;;;;;;;;;;;4443;;;;4144;25387;;4443;35;;;;;;;;;4144;56;25387;34;;;;;;;;
627;2020/09/19 11:25:31;;;;;;;;;;;;;;;;;;;;;;;;;3508;;;;;;;3508;3;;;;;;;;;;;;;;;;;;;;
628;2020/09/19 11:25:36;;;;;;;;;;;;;;;;;;;;;;;;;3566;;;;;;;3566;8;;;;;;;;;;;;;;;;;;;;
629;2020/09/19 11:26:01;;;;;;;;;;;;;;;;;;;;;;;;;3566;;;;;;;3566;8;;;;;;;;;;;;;;;;;;;;
630;2020/09/19 11:26:12;;;;;;;;;;;;;;;;;;;;;;;;;3683;;;;;;;3683;6;;;;;;;;;;;;;;;;;;;;
631;2020/09/19 11:26:31;;;;;;;;;;;;;;;;;;;;;;;;;3742;;;;;;;3742;1;;;;;;;;;;;;;;;;;;;;
632;2020/09/19 11:26:49;;;;;;;;;;;;;;;;;;;;;;;;;3800;;;;;;;3800;5;;;;;;;;;;;;;;;;;;;;
633;2020/09/19 11:27:07;;;;;;;;;;;;;;;;;;;;;;;;;3858;;;;;;;3858;9;;;;;;;;;;;;;;;;;;;;
634;2020/09/19 11:27:26;;;;;;;;;;;;;;;;;;;;;;;;;3917;;;;;;;3917;4;;;;;;;;;;;;;;;;;;;;
635;2020/09/19 11:27:44;;;;;;;;;;;;;;;;;;;;;;;;;3975;;;;;;;3975;8;;;;;;;;;;;;;;;;;;;;
636;2020/09/19 11:28:02;;;;;;;;;;;;;;;;;;;;;;;;;4034;;;;;;;4034;3;;;;;;;;;;;;;;;;;;;;
637;2020/09/19 11:28:08;;;;;;;;;;;;;;;;;;;;;;;;;4034;;;;;;;4034;3;;;;;;;;;;;;;;;;;;;;
638;2020/09/19 11:28:21;;;;;;;;;;;;;;;;;;;;;;;;;4092;;;;;;;4092;7;;;;;;;;;;;;;;;;;;;;
639;2020/09/19 11:28:39;;;;;;;;;;;;;;;;;;;;;;;;;4151;;;;;;;4151;1;;;;;;;;;;;;;;;;;;;;
640;2020/09/19 11:28:57;;;;;;;;;;;;;;;;;;;;;;;;;4209;;;;;;;4209;6;;;;;;;;;;;;;;;;;;;;
641;2020/09/19 11:29:16;;;;;;;;;;;;;;;;;;;;;;;;;4268;;;;;;;4268;0;;;;;;;;;;;;;;;;;;;;
642;2020/09/19 11:29:31;;;;;;;;;;;;;;;;;;;;;;;;;4268;;;;;;;4268;0;;;;;;;;;;;;;;;;;;;;
643;2020/09/19 11:29:34;;;;;;;;;;;;;;;;;;;;;;;;;4326;;;;;;;4326;5;;;;;;;;;;;;;;;;;;;;
644;2020/09/19 11:29:52;;;;;;;;;;;;;;;;;;;;;;;;;4384;;;;;;;4384;9;;;;;;;;;;;;;;;;;;;;
645;2020/09/19 11:31:43;;;;;;;;;;;;;;;;;;;;;;;;;;;;;;;;;;;;;;;;;;;;;;;;;;;;;
646;2020/09/19 11:32:04;;;;;;;;;;;;;;;;;;;;;;;;;4384;;;;;;;4384;9;;;;;;;;;;;;;;;;;;;;
647;2020/09/19 11:32:18;;;;;;;;;;;;;;;;;;;;;;;;;4384;;;;;;;4384;9;;;;;;;;;;;;;;;;;;;;
648;2020/09/19 11:32:19;;;;;;;;;;;;;;;;;;;;;;;;;4501;;;;;;;4501;8;;;;;;;;;;;;;;;;;;;;
649;2020/09/19 11:32:37;;;;;;;;;;;;;;;;;;;;;;;;;4443;;;;;;;4443;4;;;;;;;;;;;;;;;;;;;;
650;2020/09/19 11:32:55;;;;;;;;;;;;;;;;;;;;;;;;;4384;;;;;;;4384;9;;;;;;;;;;;;;;;;;;;;
651;2020/09/19 11:33:14;;;;;;;;;;;;;;;;;;;;;;;;;4326;;;;;;;4326;5;;;;;;;;;;;;;;;;;;;;
652;2020/09/19 11:33:32;;;;;;;;;;;;;;;;;;;;;;;;;4268;;;;;;;4268;0;;;;;;;;;;;;;;;;;;;;
653;2020/09/19 11:33:50;;;;;;;;;;;;;;;;;;;;;;;;;4209;;;;;;;4209;6;;;;;;;;;;;;;;;;;;;;
654;2020/09/19 11:34:09;;;;;;;;;;;;;;;;;;;;;;;;;4151;;;;;;;4151;1;;;;;;;;;;;;;;;;;;;;
655;2020/09/19 11:34:27;;;;;;;;;;;;;;;;;;;;;;;;;4092;;;;;;;4092;7;;;;;;;;;;;;;;;;;;;;
656;2020/09/19 11:34:45;;;;;;;;;;;;;;;;;;;;;;;;;4034;;;;;;;4034;3;;;;;;;;;;;;;;;;;;;;
657;2020/09/19 11:35:04;;;;;;;;;;;;;;;;;;;;;;;;;3975;;;;;;;3975;8;;;;;;;;;;;;;;;;;;;;
658;2020/09/19 11:35:40;;;;;;;;;;;;;;;;;;;;;;;;;3858;;;;;;;3858;9;;;;;;;;;;;;;;;;;;;;
659;2020/09/19 11:35:59;;;;;;;;;;;;;;;;;;;;;;;;;3800;;;;;;;3800;5;;;;;;;;;;;;;;;;;;;;
660;2020/09/19 11:36:17;;;;;;;;;;;;;;;;;;;;;;;;;3742;;;;;;;3742;1;;;;;;;;;;;;;;;;;;;;
661;2020/09/19 11:36:35;;;;;;;;;;;;;;;;;;;;;;;;;3683;;;;;;;3683;6;;;;;;;;;;;;;;;;;;;;
662;2020/09/19 11:36:54;;;;;;;;;;;;;;;;;;;;;;;;;3625;;;;;;;3625;2;;;;;;;;;;;;;;;;;;;;
663;2020/09/19 11:37:30;;;;;;;;;;;;;;;;;;;;;;;;;3508;;;;;;;3508;3;;;;;;;;;;;;;;;;;;;;
664;2020/09/19 11:37:49;;;;;;;;;;;;;;;;;;;;;;;;;3566;;;;;;;3566;8;;;;;;;;;;;;;;;;;;;;
665;2020/09/19 11:38:07;;;;;;;;;;;;;;;;;;;;;;;;;3625;;;;;;;3625;2;;;;;;;;;;;;;;;;;;;;
666;2020/09/19 11:38:25;;;;;;;;;;;;;;;;;;;;;;;;;3683;;;;;;;3683;6;;;;;;;;;;;;;;;;;;;;
667;2020/09/19 11:38:44;;;;;;;;;;;;;;;;;;;;;;;;;3742;;;;;;;3742;1;;;;;;;;;;;;;;;;;;;;
668;2020/09/19 11:39:02;;;;;;;;;;;;;;;;;;;;;;;;;3800;;;;;;;3800;5;;;;;;;;;;;;;;;;;;;;
669;2020/09/19 11:39:20;;;;;;;;;;;;;;;;;;;;;;;;;3858;;;;;;;3858;9;;;;;;;;;;;;;;;;;;;;
670;2020/09/19 11:39:39;;;;;;;;;;;;;;;;;;;;;;;;;3917;;;;;;;3917;4;;;;;;;;;;;;;;;;;;;;
671;2020/09/19 11:39:57;;;;;;;;;;;;;;;;;;;;;;;;;3975;;;;;;;3975;8;;;;;;;;;;;;;;;;;;;;
672;2020/09/19 11:40:15;;;;;;;;;;;;;;;;;;;;;;;;;4034;;;;;;;4034;3;;;;;;;;;;;;;;;;;;;;
673;2020/09/19 11:40:34;;;;;;;;;;;;;;;;;;;;;;;;;4092;;;;;;;4092;7;;;;;;;;;;;;;;;;;;;;
674;2020/09/19 11:40:52;;;;;;;;;;;;;;;;;;;;;;;;;4151;;;;;;;4151;1;;;;;;;;;;;;;;;;;;;;
675;2020/09/19 11:41:10;;;;;;;;;;;;;;;;;;;;;;;;;4209;;;;;;;4209;6;;;;;;;;;;;;;;;;;;;;
676;2020/09/19 11:41:28;;;;;;;;;;;;;;;;;;;;;;;;;4268;;;;;;;4268;0;;;;;;;;;;;;;;;;;;;;
677;2020/09/19 11:41:47;;;;;;;;;;;;;;;;;;;;;;;;;4326;;;;;;;4326;5;;;;;;;;;;;;;;;;;;;;
678;2020/09/19 11:42:05;;;;;;;;;;;;;;;;;;;;;;;;;4384;;;;;;;4384;9;;;;;;;;;;;;;;;;;;;;
679;2020/09/19 11:42:23;;;;;;;;;;;;;;;;;;;;;;;;;4443;;;;;;;4443;4;;;;;;;;;;;;;;;;;;;;
680;2020/09/19 11:42:42;;;;;;;;;;;;;;;;;;;;;;;;;4501;;;;;;;4501;8;;;;;;;;;;;;;;;;;;;;
681;2020/09/19 11:43:00;;;;;;;;;;;;;;;;;;;;;;;;;4560;;;;;;;4560;2;;;;;;;;;;;;;;;;;;;;
682;2020/09/19 11:43:18;;;;;;;;;;;;;;;;;;;;;;;;;4618;;;;;;;4618;7;;;;;;;;;;;;;;;;;;;;
683;2020/09/19 11:43:37;;;;;;;;;;;;;;;;;;;;;;;;;4677;;;;;;;4677;1;;;;;;;;;;;;;;;;;;;;
684;2020/09/19 11:43:55;;;;;;;;;;;;;;;;;;;;;;;;;4618;;;;;;;4618;7;;;;;;;;;;;;;;;;;;;;
685;2020/09/19 11:44:13;;;;;;;;;;;;;;;;;;;;;;;;;4560;;;;;;;4560;2;;;;;;;;;;;;;;;;;;;;
686;2020/09/19 11:44:32;;;;;;;;;;;;;;;;;;;;;;;;;4501;;;;;;;4501;8;;;;;;;;;;;;;;;;;;;;
687;2020/09/19 11:44:50;;;;;;;;;;;;;;;;;;;;;;;;;4443;;;;;;;4443;4;;;;;;;;;;;;;;;;;;;;
688;2020/09/19 11:45:08;;;;;;;;;;;;;;;;;;;;;;;;;4384;;;;;;;4384;9;;;;;;;;;;;;;;;;;;;;
689;2020/09/19 11:45:27;;;;;;;;;;;;;;;;;;;;;;;;;4326;;;;;;;4326;5;;;;;;;;;;;;;;;;;;;;
690;2020/09/19 11:45:45;;;;;;;;;;;;;;;;;;;;;;;;;4268;;;;;;;4268;0;;;;;;;;;;;;;;;;;;;;
691;2020/09/19 11:46:03;;;;;;;;;;;;;;;;;;;;;;;;;4209;;;;;;;4209;6;;;;;;;;;;;;;;;;;;;;
692;2020/09/19 11:46:22;;;;;;;;;;;;;;;;;;;;;;;;;4151;;;;;;;4151;1;;;;;;;;;;;;;;;;;;;;
693;2020/09/19 11:46:40;;;;;;;;;;;;;;;;;;;;;;;;;4092;;;;;;;4092;7;;;;;;;;;;;;;;;;;;;;
694;2020/09/19 11:46:58;;;;;;;;;;;;;;;;;;;;;;;;;4034;;;;;;;4034;3;;;;;;;;;;;;;;;;;;;;
695;2020/09/19 11:47:17;;;;;;;;;;;;;;;;;;;;;;;;;3975;;;;;;;3975;8;;;;;;;;;;;;;;;;;;;;
696;2020/09/19 11:47:35;;;;;;;;;;;;;;;;;;;;;;;;;3917;;;;;;;3917;4;;;;;;;;;;;;;;;;;;;;
697;2020/09/19 11:47:53;;;;;;;;;;;;;;;;;;;;;;;;;3858;;;;;;;3858;9;;;;;;;;;;;;;;;;;;;;
698;2020/09/19 11:48:12;;;;;;;;;;;;;;;;;;;;;;;;;3800;;;;;;;3800;5;;;;;;;;;;;;;;;;;;;;
699;2020/09/19 11:48:30;;;;;;;;;;;;;;;;;;;;;;;;;3742;;;;;;;3742;1;;;;;;;;;;;;;;;;;;;;
700;2020/09/19 11:48:48;;;;;;;;;;;;;;;;;;;;;;;;;3683;;;;;;;3683;6;;;;;;;;;;;;;;;;;;;;
701;2020/09/19 11:49:07;;;;;;;;;;;;;;;;;;;;;;;;;3625;;;;;;;3625;2;;;;;;;;;;;;;;;;;;;;
702;2020/09/19 11:49:25;;;;;;;;;;;;;;;;;;;;;;;;;3566;;;;;;;3566;8;;;;;;;;;;;;;;;;;;;;
703;2020/09/19 11:49:43;;;;;;;;;;;;;;;;;;;;;;;;;3508;;;;;;;3508;3;;;;;;;;;;;;;;;;;;;;
704;2020/09/19 11:55:02;;;;;;;;;;;;;;;;;;;;;;;;;;;;;;;;;;;;;;;;;;;;;;;;;;0;000;;
705;2020/09/19 11:55:13;;;;;;;;;;;;;;;;;;;;;;;;;;;;;;;;;;;;;;;;;;;;;;;;;;0;000;;
706;2020/09/19 11:55:31;;;;;;;;;;;;;;;;;;;;;;;;;;;;;;;;;;;;;;;;;;;;;;;;;;0;000;;
707;2020/09/19 11:55:50;;;;;;;;;;;;;;;;;;;;;;;;;;;;;;;;;;;;;;;;;;;;;;;;;;0;000;;
708;2020/09/19 11:57:26;;;;;;;;;;;;;;;;;;;;;;;;;;;;;;;;;;;;;;;;;;;;;;;;;;0;000;;
709;2020/09/19 11:57:39;;;;;;;;;;;;;;;;;;;;;;;;;;;;;;;;;;;;;;;;;;;;;;;;;;0;000;;
710;2020/09/19 11:58:16;;;;;;;;;;;;;;;;;;;;;;;;;;;;;;;;;;;;;;;;;;;;;;;;;;4209;590;;
711;2020/09/19 12:03:12;;;;;;;;;;;;;;;;;;;;;;;;;;;;;;;;;;;;;;;;;;;;;;;;;;0;000;;
712;2020/09/19 12:03:28;;;;;;;;;;;;;;;;;;;;;;;;;;;;;;;;;;;;;;;;;;;;;;;;;;3800;510;;
713;2020/09/19 12:06:33;;;;;;;;;;;;;;;;;;;;;;;;;;;;;;;;;;;;;;;;;;;;;;;;;;7400;000;2400;0000
714;2020/09/19 12:06:49;;;;;;;;;;;;;;;;;;;;;;;;;;;;;;;;;;;;;;;;;;;;;;;;;;4443;350;25387;3438
715;2020/09/19 12:07:08;;;;;;;;;;;;;;;;;;;;;;;;;;;;;;;;;;;;;;;;;;;;;;;;;;4501;790;25574;8125
716;2020/09/19 12:07:26;;;;;;;;;;;;;;;;;;;;;;;;;;;;;;;;;;;;;;;;;;;;;;;;;;4560;230;25762;2832
717;2020/09/19 12:07:44;;;;;;;;;;;;;;;;;;;;;;;;;;;;;;;;;;;;;;;;;;;;;;;;;;4618;670;25949;7539
718;2020/09/19 12:08:02;;;;;;;;;;;;;;;;;;;;;;;;;;;;;;;;;;;;;;;;;;;;;;;;;;4677;110;26137;2227
719;2020/09/19 12:08:21;;;;;;;;;;;;;;;;;;;;;;;;;;;;;;;;;;;;;;;;;;;;;;;;;;4618;670;25949;7539
720;2020/09/19 12:08:39;;;;;;;;;;;;;;;;;;;;;;;;;;;;;;;;;;;;;;;;;;;;;;;;;;4560;230;25762;2832
721;2020/09/19 12:08:57;;;;;;;;;;;;;;;;;;;;;;;;;;;;;;;;;;;;;;;;;;;;;;;;;;4501;790;25574;8125
722;2020/09/19 12:09:16;;;;;;;;;;;;;;;;;;;;;;;;;;;;;;;;;;;;;;;;;;;;;;;;;;4443;350;25387;3438
723;2020/09/19 12:13:19;;;;;;;;;;;;;;;;;;;;;;;;;;;;;;;;;;;;;;;;;;;;;;;;;;3324;224;8434;4316
724;2020/09/19 12:14:40;;;;;;;;;;;;;;;;;;;;;;;;;;;;;;;;;;;;;;;;;;;;;;;;;;3361;625;8254;4609
725;2020/09/19 12:16:04;;;;;;;;;;;;;;;;;;;;;;;;;;;;;;;;;;;;;;;;;;;;;;;;;;3382;080;8164;4751
726;2020/09/19 12:17:28;;;;;;;;;;;;;;;;;;;;;;;;;;;;;;;;;;;;;;;;;;;;;;;;;;3387;924;8115;7329
727;2020/09/19 12:18:53;;;;;;;;;;;;;;;;;;;;;;;;;;;;;;;;;;;;;;;;;;;;;;;;;;3402;533;8070;7397
728;2020/09/19 12:20:17;;;;;;;;;;;;;;;;;;;;;;;;;;;;;;;;;;;;;;;;;;;;;;;;;;3397;274;8051;9932
729;2020/09/19 12:31:11;;;;;;;;;;;;;;;;;;;;;;;;;;;;;;;;;;;;;;;;;;;;;;;;;;132;231;8350;0703
730;2020/09/19 12:32:32;;;;;;;;;;;;;;;;;;;;;;;;;;;;;;;;;;;;;;;;;;;;;;;;;;1346;614;8190;7207
731;2020/09/19 12:33:56;;;;;;;;;;;;;;;;;;;;;;;;;;;;;;;;;;;;;;;;;;;;;;;;;;2580;283;8123;2314
732;2020/09/19 12:35:20;;;;;;;;;;;;;;;;;;;;;;;;;;;;;;;;;;;;;;;;;;;;;;;;;;3045;465;8074;4893
733;2020/09/19 12:36:45;;;;;;;;;;;;;;;;;;;;;;;;;;;;;;;;;;;;;;;;;;;;;;;;;;3238;902;8036;9956
734;2020/09/19 12:38:09;;;;;;;;;;;;;;;;;;;;;;;;;;;;;;;;;;;;;;;;;;;;;;;;;;3338;834;8016;3735
735;2020/09/19 12:39:33;;;;;;;;;;;;;;;;;;;;;;;;;;;;;;;;;;;;;;;;;;;;;;;;;;3384;417;8007;0000
736;2020/09/19 12:40:57;;;;;;;;;;;;;;;;;;;;;;;;;;;;;;;;;;;;;;;;;;;;;;;;;;3420;650;8001;3760
737;2020/09/19 12:42:21;;;;;;;;;;;;;;;;;;;;;;;;;;;;;;;;;;;;;;;;;;;;;;;;;;3439;935;7986;3784
738;2020/09/19 12:43:45;;;;;;;;;;;;;;;;;;;;;;;;;;;;;;;;;;;;;;;;;;;;;;;;;;3453;961;7984;5039
739;2020/09/19 12:45:10;;;;;;;;;;;;;;;;;;;;;;;;;;;;;;;;;;;;;;;;;;;;;;;;;;3467;402;7984;5039
740;2020/09/19 12:46:34;;;;;;;;;;;;;;;;;;;;;;;;;;;;;;;;;;;;;;;;;;;;;;;;;;3469;740;7982;6289
741;2020/09/19 12:47:58;;;;;;;;;;;;;;;;;;;;;;;;;;;;;;;;;;;;;;;;;;;;;;;;;;3481;427;7977;0049
742;2020/09/19 12:49:22;;;;;;;;;;;;;;;;;;;;;;;;;;;;;;;;;;;;;;;;;;;;;;;;;;3486;103;7977;0049
743;2020/09/19 13:24:26;;;;;;;;;;;;;;;;;;;;;;;;;;;;;;;;;;;;;;;;;;;;;;;;;;0;000;7973;2554
744;2020/09/19 13:33:44;;;;;;;;;;;;;;;;;;;;;;;;;;;;;;;;;;;;;;;;;;;;;;;;;;6012;000;7575;0000
745;2020/09/19 13:34:16;;;;;;;;;;;;;;;;;;;;;;;;;;;;;;;;;;;;;;;;;;;;;;;;;;0;000;7960;1328
746;2020/09/19 13:35:40;;;;;;;;;;;;;;;;;;;;;;;;;;;;;;;;;;;;;;;;;;;;;;;;;;0;000;7954;5088
747;2020/09/19 13:37:04;;;;;;;;;;;;;;;;;;;;;;;;;;;;;;;;;;;;;;;;;;;;;;;;;;0;000;7960;1328
748;2020/09/19 13:38:28;;;;;;;;;;;;;;;;;;;;;;;;;;;;;;;;;;;;;;;;;;;;;;;;;;0;000;7960;1328
749;2020/09/19 14:32:15;;;;;;;;;;;;;;;;;;;;;;;;;;;;;;;;;;;;;;;;;;;;;;;;;;6006;000;7717;0000
750;2020/09/19 14:33:11;;;;;;;;;;;;;;;;;;;;;;;;;;;;;;;;;;;;;;;;;;;;;;;;;;0;000;7954;5088
751;2020/09/19 14:34:35;;;;;;;;;;;;;;;;;;;;;;;;;;;;;;;;;;;;;;;;;;;;;;;;;;0;000;7960;1328
752;2020/09/19 14:35:59;;;;;;;;;;;;;;;;;;;;;;;;;;;;;;;;;;;;;;;;;;;;;;;;;;0;000;7965;7568
753;2020/09/19 14:37:23;;;;;;;;;;;;;;;;;;;;;;;;;;;;;;;;;;;;;;;;;;;;;;;;;;0;000;7958;2578
754;2020/09/19 14:38:47;;;;;;;;;;;;;;;;;;;;;;;;;;;;;;;;;;;;;;;;;;;;;;;;;;0;000;7962;0073
755;2020/09/19 14:40:11;;;;;;;;;;;;;;;;;;;;;;;;;;;;;;;;;;;;;;;;;;;;;;;;;;0;000;7952;6338
756;2020/09/19 14:41:36;;;;;;;;;;;;;;;;;;;;;;;;;;;;;;;;;;;;;;;;;;;;;;;;;;0;000;7956;3833
757;2020/09/19 14:43:36;;;;;;;;;;;;;;;;;;;;;;;;;;;;;;;;;;;;;;;;;;;;;;;;;;6004;000;7736;0000
758;2020/09/19 14:44:24;;;;;;;;;;;;;;;;;;;;;;;;;;;;;;;;;;;;;;;;;;;;;;;;;;0;000;7954;5088
759;2020/09/19 14:45:48;;;;;;;;;;;;;;;;;;;;;;;;;;;;;;;;;;;;;;;;;;;;;;;;;;0;000;7954;5088
760;2020/09/19 14:47:12;;;;;;;;;;;;;;;;;;;;;;;;;;;;;;;;;;;;;;;;;;;;;;;;;;0;000;7950;7593
761;2020/09/21 08:42:19;;;;;;;;;;;;;;;;;;;;;;;;;;;;;;;;;;;;;;;;;;;;;;;;;;0;000;7950;7593
762;2020/09/21 09:23:23;;;;;;;;;;;;;;;;;;;;;;;;;;;;;;;;;;;;;;;;;;;;;;;;;;0;000;7950;7593
763;2020/09/21 11:20:10;;;;;;;;;;;;;;;;;;;;;;;;;;;;;;;;;;;;;;;;;;;;;;;;;;0;000;7950;7593
764;2020/09/21 11:22:36;;;;;;;;;;;;;;;;;;;;;;;;;;;;;;;;;;;;;;;;;;;;;;;;;;0;000;7950;7593
765;2020/09/21 14:07:57;;;;;;;;;;;;;;;;;;;;;;;;;;;;;;;;;;;;;;;;;;;;;;;;;;0;000;7950;7593
766;2020/09/21 14:08:23;;;;;;;;;;;;;;;;;;;;;;;;;;;;;;;;;;;;;;;;;;;;;;;;;;0;000;7950;7593
767;2020/09/23 16:43:51;;;;;;;;;;;;;;;;;;;;;;;;;;;;;;;;;;;;;;;;;;;;;;;;;;;;;
768;2020/09/25 09:02:33;;;;;;;;;;;;;;;;;;;;;;;;;;;;;;;;;;;;;;;;;;;;;;;;;;;;;
769;2020/12/01 16:57:58;;;;;;;;;;;;;;;;;;;;;;;;;;;;;;;;;;;;;;;;;;;;;;;;;;;;;
770;2020/12/01 16:59:17;;;;;;;;;;;;;;;;;;;;;;;;;;;;;;;;;;;;;;;;;;;;;;;;;;;;;
771;2020/12/01 16:59:40;;;;;;;;;;;;;;;;;;;;;;;;;;;;;;;;;;;;;;;;;;;;;;;;;;;;;
772;2020/12/01 17:04:22;;;;;;;;;;;;;;;;;;;;;;;;;;;;;;;;;;;;;;;;;;;;;;;;;;;;;
773;2020/12/01 17:27:41;;;;;;;;;;;;;;;;;;;;;;;;;;;;;;;;;;;;;;;;;;;;;;;;;;;;;
774;2020/12/02 14:23:14;;;;;;;;;;;;;;;;;;;;;;;;;;;;;;;;;;;;;;;;;;;;;;;;;;;;;
775;2020/12/02 14:24:40;;;;;;;;;;;;;;;;;;;;;;;;;;;;;;;;;;;;;;;;;;;;;;;;;;;;;
776;2020/12/02 14:26:24;;;;;;;;;;;;;;;;;;;;;;;;;;;;;;;;;;;;;;;;;;;;;;;;;;;;;
777;2020/12/02 15:04:52;;;;;;;;;;;;;;;;;;;;;;;;;;;;;;;;;;;;;;;;;;;;;;;;;;;;;
778;2020/12/09 14:54:08;;;;;;;;;;;;;;;;;;;;;;;;;;;;;;;;;;;;;;;;;;;;;;;;;;;;;
779;2020/12/09 16:40:00;;;;;;;;;;;;;;;;;;;;;;;;;;;;;;;;;;;;;;;;;;;;;;;;;;;;;
780;2020/12/09 16:43:00;;;;;;;;;;;;;;;;;;;;;;;;;;;;;;;;;;;;;;;;;;;;;;;;;;;;;
781;2020/12/09 16:44:12;;;;;;;;;;;;;;;;;;;;;;;;;;;;;;;;;;;;;;;;;;;;;;;;;;;;;
782;2020/12/09 16:46:58;;;;;;;;;;;;;;;;;;;;;;;;;;;;;;;;;;;;;;;;;;;;;;;;;;;;;
783;2020/12/09 16:58:32;;;;;;;;;;;;;;;;;;;;;;;;;;;;;;;;;;;;;;;;;;;;;;;;;;;;;
784;2020/12/09 16:59:06;;;;;;;;;;;;;;;;;;;;;;;;;;;;;;;;;;;;;;;;;;;;;;;;;;;;;
785;2020/12/09 17:39:00;;;;;;;;;;;;;;;;;;;;;;;;;;;;;;;;;;;;;;;;;;;;;;;;;;;;;
786;2020/12/09 17:39:54;;;;;;;;;;;;;;;;;;;;;;;;;;;;;;;;;;;;;;;;;;;;;;;;;;;;;
787;2020/12/09 17:40:47;;;;;;;;;;;;;;;;;;;;;;;;;;;;;;;;;;;;;;;;;;;;;;;;;;;;;
788;2020/12/09 17:49:10;;;;;;;;;;;;;;;;;;;;;;;;;;;;;;;;;;;;;;;;;;;;;;;;;;;;;
789;2020/12/09 17:53:21;;;;;;;;;;;;;;;;;;;;;;;;;;;;;;;;;;;;;;;;;;;;;;;;;;;;;
790;2020/12/09 22:50:35;;;;;;;;;;;;;;;;;;;;;;;;;;;;;;;;;;;;;;;;;;;;;;;;;;;;;
791;2020/12/09 22:53:32;;;;;;;;;;;;;;;;;;;;;;;;;;;;;;;;;;;;;;;;;;;;;;;;;;;;;
792;2020/12/09 22:55:43;;;;;;;;;;;;;;;;;;;;;;;;;;;;;;;;;;;;;;;;;;;;;;;;;;;;;
793;2020/12/09 22:56:49;;;;;;;;;;;;;;;;;;;;;;;;;;;;;;;;;;;;;;;;;;;;;;;;;;;;;
794;2020/12/09 22:59:12;;;;;;;;;;;;;;;;;;;;;;;;;;;;;;;;;;;;;;;;;;;;;;;;;;;;;
795;2020/12/09 23:09:00;;;;;;;;;;;;;;;;;;;;;;;;;;;;;;;;;;;;;;;;;;;;;;;;;;;;;
796;2020/12/09 23:11:55;;;;;;;;;;;;;;;;;;;;;;;;;;;;;;;;;;;;;;;;;;;;;;;;;;;;;
797;2020/12/09 23:13:23;;;;;;;;;;;;;;;;;;;;;;;;;;;;;;;;;;;;;;;;;;;;;;;;;;;;;
798;2020/12/09 23:16:52;;;;;;;;;;;;;;;;;;;;;;;;;;;;;;;;;;;;;;;;;;;;;;;;;;;;;
799;2020/12/15 17:55:29;;;;;;;;;;;;;;;;;;;;;;;;;;;;;;;;;;;;;;;;;;;;;;;;;;;;;
800;2020/12/15 18:10:05;;;;;;;;;;;;;;;;;;;;;;;;;;;;;;;;;;;;;;;;;;;;;;;;;;;;;
801;2020/12/15 18:11:24;;;;;;;;;;;;;;;;;;;;;;;;;;;;;;;;;;;;;;;;;;;;;;;;;;;;;
802;2020/12/15 18:12:59;;;;;;;;;;;;;;;;;;;;;;;;;;;;;;;;;;;;;;;;;;;;;;;;;;;;;
803;2020/12/15 18:15:33;;;;;;;;;;;;;;;;;;;;;;;;;;;;;;;;;;;;;;;;;;;;;;;;;;;;;
804;2020/12/15 18:17:53;;;;;;;;;;;;;;;;;;;;;;;;;;;;;;;;;;;;;;;;;;;;;;;;;;;;;
805;2020/12/15 18:20:13;;;;;;;;;;;;;;;;;;;;;;;;;;;;;;;;;;;;;;;;;;;;;;;;;;;;;
806;2020/12/15 20:53:44;;;;;;;;;;;;;;;;;;;;;;;;;;;;;;;;;;;;;;;;;;;;;;;;;;;;;
807;2020/12/16 14:29:00;;;;;;;;;;;;;;;;;;;;;;;;;;;;;;;;;;;;;;;;;;;;;;;;;;;;;
808;2020/12/16 14:44:09;;;;;;;;;;;;;;;;;;;;;;;;;;;;;;;;;;;;;;;;;;;;;;;;;;;;;
809;2020/12/17 14:15:25;;;;;;;;;;;;;;;;;;;;;;;;;;;;;;;;;;;;;;;;;;;;;;;;;;;;;
810;2020/12/17 14:19:33;;;;;;;;;;;;;;;;;;;;;;;;;;;;;;;;;;;;;;;;;;;;;;;;;;;;;
811;2020/12/17 14:21:43;;;;;;;;;;;;;;;;;;;;;;;;;;;;;;;;;;;;;;;;;;;;;;;;;;;;;
812;2020/12/17 14:24:10;;;;;;;;;;;;;;;;;;;;;;;;;;;;;;;;;;;;;;;;;;;;;;;;;;;;;
813;2020/12/17 14:26:15;;;;;;;;;;;;;;;;;;;;;;;;;;;;;;;;;;;;;;;;;;;;;;;;;;;;;
814;2020/12/17 14:28:00;;;;;;;;;;;;;;;;;;;;;;;;;;;;;;;;;;;;;;;;;;;;;;;;;;;;;
815;2020/12/17 14:29:34;;;;;;;;;;;;;;;;;;;;;;;;;;;;;;;;;;;;;;;;;;;;;;;;;;;;;
816;2020/12/17 14:32:34;;;;;;;;;;;;;;;;;;;;;;;;;;;;;;;;;;;;;;;;;;;;;;;;;;;;;
817;2020/12/17 14:38:38;;;;;;;;;;;;;;;;;;;;;;;;;;;;;;;;;;;;;;;;;;;;;;;;;;;;;
818;2020/12/17 14:39:40;;;;;;;;;;;;;;;;;;;;;;;;;;;;;;;;;;;;;;;;;;;;;;;;;;;;;
819;2020/12/23 11:54:15;;;;;;;;;;;;;;;;;;;;;;;;;;;;;;;;;;;;;;;;;;;;;;;;;;;;;
820;2020/12/23 15:40:12;;;;;;;;;;;;;;;;;;;;;;;;;;;;;;;;;;;;;;;;;;;;;;;;;;;;;
821;2020/12/23 20:52:12;;;;;;;;;;;;;;;;;;;;;;;;;;;;;;;;;;;;;;;;;;;;;;;;;;;;;
822;2020/12/23 20:53:04;;;;;;;;;;;;;;;;;;;;;;;;;;;;;;;;;;;;;;;;;;;;;;;;;;;;;
823;2020/12/23 20:53:44;;;;;;;;;;;;;;;;;;;;;;;;;;;;;;;;;;;;;;;;;;;;;;;;;;;;;
824;2020/12/25 19:13:31;;;;;;;;;;;;;;;;;;;;;;;;;;;;;;;;;;;;;;;;;;;;;;;;;;;;;
825;2020/12/26 13:22:26;;;;;;;;;;;;;;;;;;;;;;;;;;;;;;;;;;;;;;;;;;;;;;;;;;;;;
826;2020/12/26 13:23:38;;;;;;;;;;;;;;;;;;;;;;;;;;;;;;;;;;;;;;;;;;;;;;;;;;;;;
827;2020/12/30 09:09:21;;;;;;;;;;;;;;;;;;;;;;;;;;;;;;;;;;;;;;;;;;;;;;;;;;;;;
